name,email,gender
Mariette Duckhouse,mduckhouse0@chicagotribune.com,Agender
Layton Stainton - Skinn,lstainton1@army.mil,Genderqueer
Kip Hoppner,khoppner2@businesswire.com,Female
Ozzy Glinde,oglinde3@sourceforge.net,Male
Ashton Rippin,arippin4@sina.com.cn,Male
Morten Byllam,mbyllam5@pbs.org,Male
Oralia Rothery,orothery6@geocities.com,Female
Arabelle Kersaw,akersaw7@bravesites.com,Female
Sawyere McCallum,smccallum8@i2i.jp,Male
Stanleigh Jarrelt,sjarrelt9@state.gov,Male
Mikol Tebbet,mtebbeta@google.com.hk,Male
Nani Warters,nwartersb@ehow.com,Female
Moll Eagles,meaglesc@army.mil,Female
Mychal Poxton,mpoxtond@admin.ch,Male
Lynn Sambrook,lsambrooke@indiatimes.com,Female
Reidar Philpotts,rphilpottsf@theglobeandmail.com,Male
Gerardo Crookes,gcrookesg@tinypic.com,Male
Skipp Corneljes,scorneljesh@123-reg.co.uk,Male
Ennis Beynkn,ebeynkni@ning.com,Male
Iosep Ernshaw,iernshawj@indiegogo.com,Bigender
Yvonne Winslett,ywinslettk@macromedia.com,Female
Monika Birt,mbirtl@oaic.gov.au,Female
Jethro Mille,jmillem@issuu.com,Male
Roosevelt Bottelstone,rbottelstonen@biblegateway.com,Male
Dorella Flieg,dfliego@infoseek.co.jp,Female
Betteann Redler,bredlerp@spiegel.de,Female
Salomo Bims,sbimsq@shareasale.com,Male
Dorothy Giampietro,dgiampietror@rambler.ru,Polygender
Westleigh Semarke,wsemarkes@merriam-webster.com,Male
Bail Torrie,btorriet@census.gov,Male
Giana Hutley,ghutleyu@marriott.com,Agender
Nathanial Bogges,nboggesv@github.com,Male
Lorenza Duignan,lduignanw@sogou.com,Female
Tomlin Fedoronko,tfedoronkox@google.nl,Male
Sherwood De Angelis,sdey@home.pl,Male
Tressa Stollwerk,tstollwerkz@godaddy.com,Non-binary
Rene Milnthorpe,rmilnthorpe10@gnu.org,Genderqueer
Enos Waddy,ewaddy11@marketwatch.com,Male
Warden Corry,wcorry12@tmall.com,Male
Tamas Dolby,tdolby13@google.de,Male
Rafaela Follacaro,rfollacaro14@google.com,Female
Nil Muggleston,nmuggleston15@1und1.de,Male
Frants Shevill,fshevill16@blogger.com,Non-binary
Elnar Risdall,erisdall17@wsj.com,Male
Kayle Skelington,kskelington18@amazon.co.uk,Female
Cornelia Abbett,cabbett19@thetimes.co.uk,Female
Katleen Bacchus,kbacchus1a@timesonline.co.uk,Female
Karel Martinot,kmartinot1b@qq.com,Male
Ralf Ridehalgh,rridehalgh1c@imageshack.us,Male
Angele Napolione,anapolione1d@ucoz.com,Female
Cathryn Reicherz,creicherz1e@1und1.de,Female
Morena Prophet,mprophet1f@ning.com,Female
Linell Kausche,lkausche1g@google.nl,Female
Helenelizabeth MacFie,hmacfie1h@irs.gov,Female
Alison Noni,anoni1i@edublogs.org,Agender
Davy McVey,dmcvey1j@smh.com.au,Male
Reinold Brittlebank,rbrittlebank1k@discovery.com,Male
Maurits Benech,mbenech1l@wikispaces.com,Male
Rosette Smalman,rsmalman1m@state.gov,Female
Ariadne Tourville,atourville1n@ycombinator.com,Female
Eziechiele Tweddle,etweddle1o@blogspot.com,Male
Naomi Nuttey,nnuttey1p@discovery.com,Female
Emmaline Pardal,epardal1q@cdc.gov,Female
Isis Hurdidge,ihurdidge1r@symantec.com,Female
Penny Acaster,pacaster1s@sun.com,Female
Jecho Putland,jputland1t@1und1.de,Male
Taite Headan,theadan1u@creativecommons.org,Male
Jean Dackombe,jdackombe1v@tripod.com,Male
Billie Dunkinson,bdunkinson1w@china.com.cn,Genderqueer
Batsheva Oldknow,boldknow1x@webmd.com,Female
Nanni Imm,nimm1y@gravatar.com,Female
Costa Bulstrode,cbulstrode1z@clickbank.net,Male
Waverley Prium,wprium20@yahoo.com,Male
Hayes Pryor,hpryor21@scribd.com,Male
Kimble Lathwood,klathwood22@pbs.org,Male
Lexy Laffan,llaffan23@wunderground.com,Female
Ezequiel Dearan,edearan24@t.co,Male
Antoni O'Hogertie,aohogertie25@msu.edu,Male
Dalia Coopman,dcoopman26@livejournal.com,Female
Edeline Devany,edevany27@g.co,Female
Waite Scoullar,wscoullar28@wunderground.com,Male
Mariska Bowe,mbowe29@etsy.com,Female
Thain Capaldo,tcapaldo2a@pagesperso-orange.fr,Male
Barnabe Gouldthorpe,bgouldthorpe2b@cmu.edu,Male
Reynard Stuther,rstuther2c@cargocollective.com,Male
Morry Dudgeon,mdudgeon2d@nasa.gov,Male
Isak Mintoft,imintoft2e@washington.edu,Male
Martie Dunmore,mdunmore2f@naver.com,Female
Thorstein Binyon,tbinyon2g@typepad.com,Polygender
Marijn Gier,mgier2h@cbslocal.com,Male
Francyne Juara,fjuara2i@home.pl,Female
Analise Blodget,ablodget2j@youtube.com,Female
Ailene Maryin,amaryin2k@reverbnation.com,Female
Valeria Mold,vmold2l@yandex.ru,Female
Dorothee Senten,dsenten2m@salon.com,Female
Sheeree Smithin,ssmithin2n@hexun.com,Female
Mallissa Crickmoor,mcrickmoor2o@netscape.com,Female
Candice Feirn,cfeirn2p@icio.us,Female
Jessie McGeachie,jmcgeachie2q@washington.edu,Female
Tiler Wickmann,twickmann2r@parallels.com,Male
Gerome Alberti,galberti2s@timesonline.co.uk,Male
Briant Reeveley,breeveley2t@tinyurl.com,Male
Normie Nial,nnial2u@nasa.gov,Male
Kimmi Reynault,kreynault2v@joomla.org,Female
Kylen Kahane,kkahane2w@bbc.co.uk,Female
Jephthah Wildsmith,jwildsmith2x@gravatar.com,Male
Alex Pioli,apioli2y@usatoday.com,Female
Toby Mayne,tmayne2z@columbia.edu,Female
Judy Tanby,jtanby30@ftc.gov,Genderqueer
Oralee Suermeiers,osuermeiers31@hc360.com,Female
Eb Carmo,ecarmo32@jimdo.com,Male
Philippe Seivertsen,pseivertsen33@kickstarter.com,Female
Angel Quantick,aquantick34@cornell.edu,Female
Zacherie Dulton,zdulton35@dailymotion.com,Male
Easter Tunnoch,etunnoch36@buzzfeed.com,Female
Kelsey Stanyan,kstanyan37@buzzfeed.com,Female
Pembroke Lurner,plurner38@shareasale.com,Male
Margarethe Gregon,mgregon39@unblog.fr,Female
Clari Kimbly,ckimbly3a@webnode.com,Female
Eirena Marcombe,emarcombe3b@netvibes.com,Non-binary
Josefa Cino,jcino3c@tinyurl.com,Female
Rollie Heeks,rheeks3d@ucsd.edu,Genderfluid
Kelli Anthony,kanthony3e@weebly.com,Female
Dev Cadding,dcadding3f@goo.ne.jp,Male
Duky Bulfield,dbulfield3g@friendfeed.com,Male
Ericha Tomek,etomek3h@sogou.com,Female
Timofei Lusk,tlusk3i@mediafire.com,Male
Mayor Veillard,mveillard3j@dell.com,Male
Lena Fones,lfones3k@opera.com,Female
Tasia Bewly,tbewly3l@chron.com,Female
Dallis Lubomirski,dlubomirski3m@mail.ru,Male
Johnathan Eyre,jeyre3n@bbc.co.uk,Male
Hilary Thelwll,hthelwll3o@friendfeed.com,Female
Stephannie Le Hucquet,sle3p@ovh.net,Female
Galen Swenson,gswenson3q@un.org,Male
Edmon Kitchiner,ekitchiner3r@chron.com,Male
Ewen Fieldstone,efieldstone3s@domainmarket.com,Male
Nikolaus Bouzek,nbouzek3t@prlog.org,Male
Jessee Phripp,jphripp3u@umn.edu,Male
Loraine Ranstead,lranstead3v@netscape.com,Female
Randolf Podmore,rpodmore3w@eepurl.com,Male
Antoni Ollett,aollett3x@mlb.com,Male
Augusta Hardacre,ahardacre3y@booking.com,Female
Luelle Larham,llarham3z@slashdot.org,Female
Gabriell Frosch,gfrosch40@omniture.com,Female
Yetta Traice,ytraice41@shinystat.com,Female
Harmon Megainey,hmegainey42@pen.io,Male
Hynda Lisciandro,hlisciandro43@purevolume.com,Female
Nevile Fears,nfears44@mail.ru,Male
Urbain Duffer,uduffer45@wikia.com,Male
Justino Febvre,jfebvre46@state.gov,Male
Aubrie Rozsa,arozsa47@discuz.net,Genderfluid
Joletta Blomfield,jblomfield48@businessinsider.com,Female
Ken Philipsson,kphilipsson49@hexun.com,Male
Annecorinne Boughton,aboughton4a@furl.net,Female
Regan Kleisel,rkleisel4b@constantcontact.com,Male
Alwyn Middlemist,amiddlemist4c@huffingtonpost.com,Male
Jan Bayliss,jbayliss4d@typepad.com,Male
Osmund Micah,omicah4e@mit.edu,Male
Petrina Biglin,pbiglin4f@merriam-webster.com,Female
Barb Halksworth,bhalksworth4g@sitemeter.com,Female
Rip Loan,rloan4h@wikia.com,Male
Beverley Merioth,bmerioth4i@pen.io,Genderfluid
Carey Mouan,cmouan4j@wp.com,Male
Bowie Tulip,btulip4k@live.com,Male
Abba Cheasman,acheasman4l@google.it,Male
Chandler Gumbley,cgumbley4m@bloglines.com,Male
Sol Mullally,smullally4n@ihg.com,Male
Teirtza Jury,tjury4o@google.nl,Female
Jeniece Etheridge,jetheridge4p@un.org,Female
Clari Pothergill,cpothergill4q@fastcompany.com,Female
Crysta Lerohan,clerohan4r@cnet.com,Female
Constance Shadbolt,cshadbolt4s@ask.com,Female
Rowen Oldman,roldman4t@gmpg.org,Male
Friedrick Greenman,fgreenman4u@skyrock.com,Male
Sherline M'Barron,smbarron4v@cargocollective.com,Female
Kirstin Patty,kpatty4w@wunderground.com,Female
Davita Eseler,deseler4x@theglobeandmail.com,Female
Aubine Pavy,apavy4y@apple.com,Female
Adan Watkin,awatkin4z@creativecommons.org,Female
Tommi Rowbury,trowbury50@nationalgeographic.com,Female
Josh Aubrey,jaubrey51@usatoday.com,Male
Hammad Stourton,hstourton52@utexas.edu,Male
Wenda Donn,wdonn53@msn.com,Female
Liuka Dadge,ldadge54@sitemeter.com,Female
Cyrill Baldrey,cbaldrey55@princeton.edu,Male
Katerine Huffa,khuffa56@theatlantic.com,Genderfluid
Kalli Town,ktown57@creativecommons.org,Female
Cecil Vockings,cvockings58@usatoday.com,Female
Kym Bunny,kbunny59@hp.com,Female
Theodoric Dowber,tdowber5a@scribd.com,Male
Jayne Granville,jgranville5b@nsw.gov.au,Female
Ogdan Warfield,owarfield5c@techcrunch.com,Male
Agneta Haly,ahaly5d@bizjournals.com,Female
Theadora Mulran,tmulran5e@bloomberg.com,Female
Skylar Edler,sedler5f@marriott.com,Male
Lauritz Penticost,lpenticost5g@hp.com,Male
Isacco Christie,ichristie5h@nih.gov,Male
Karla Verdie,kverdie5i@si.edu,Female
Anabella Eichmann,aeichmann5j@scientificamerican.com,Female
James McCorkell,jmccorkell5k@intel.com,Male
Tomasina Bonass,tbonass5l@google.ru,Genderqueer
Taffy De Meis,tde5m@howstuffworks.com,Female
Nehemiah Adamik,nadamik5n@reverbnation.com,Agender
Hasheem Bresner,hbresner5o@weebly.com,Male
Bethanne Narup,bnarup5p@amazonaws.com,Female
Anatol McNamee,amcnamee5q@facebook.com,Male
Susanna Barhams,sbarhams5r@arizona.edu,Female
Angel Wiltshier,awiltshier5s@about.me,Female
Myriam Shambrook,mshambrook5t@nymag.com,Female
Koren Kirgan,kkirgan5u@comsenz.com,Female
Annmaria Hewell,ahewell5v@cpanel.net,Female
Helge Goford,hgoford5w@stumbleupon.com,Female
Major Kloss,mkloss5x@reuters.com,Male
Ivette Bourrel,ibourrel5y@pagesperso-orange.fr,Female
Lemar Kuschek,lkuschek5z@patch.com,Male
Alexis Costelow,acostelow60@lycos.com,Male
Ciro Gentil,cgentil61@wordpress.org,Male
Fredra MacColgan,fmaccolgan62@ovh.net,Female
Guglielmo Casado,gcasado63@vinaora.com,Male
Gisele Wenden,gwenden64@wiley.com,Female
Rowland Burlay,rburlay65@miibeian.gov.cn,Male
Mela Raistrick,mraistrick66@intel.com,Female
Clareta Oldall,coldall67@meetup.com,Female
Ignaz Ohrt,iohrt68@topsy.com,Male
Maurine Jiggle,mjiggle69@reverbnation.com,Female
Carmen Moses,cmoses6a@vimeo.com,Agender
Zeb Luxton,zluxton6b@slate.com,Male
Dom MacFaul,dmacfaul6c@nytimes.com,Male
Elliot Hartas,ehartas6d@baidu.com,Male
Patrica Clerc,pclerc6e@yahoo.com,Female
Giraud McNess,gmcness6f@ucla.edu,Male
Ariana Hache,ahache6g@google.de,Female
Gaston Ridolfo,gridolfo6h@cnet.com,Agender
Aleda Baudinet,abaudinet6i@histats.com,Female
Eustace Rippen,erippen6j@sciencedaily.com,Male
Dino Nasey,dnasey6k@stumbleupon.com,Male
Ansell Popplewell,apopplewell6l@goo.ne.jp,Male
Bernardo McDougle,bmcdougle6m@xing.com,Male
Corliss Spoward,cspoward6n@delicious.com,Female
Sapphira Primett,sprimett6o@etsy.com,Female
Thedric Tomkowicz,ttomkowicz6p@t.co,Male
Renato Baden,rbaden6q@buzzfeed.com,Male
Vinny Janodet,vjanodet6r@rediff.com,Female
Orazio Ghilks,oghilks6s@elegantthemes.com,Male
Erika Aguirre,eaguirre6t@pcworld.com,Female
Giraud Cosford,gcosford6u@themeforest.net,Male
Carlene Casbolt,ccasbolt6v@si.edu,Female
Igor Braisher,ibraisher6w@unc.edu,Male
Sophronia Girke,sgirke6x@multiply.com,Female
Jase Groll,jgroll6y@nbcnews.com,Male
Jodie Spadari,jspadari6z@altervista.org,Male
Dorthy Coronado,dcoronado70@admin.ch,Agender
Vail Skilton,vskilton71@chicagotribune.com,Agender
Tarrance Bogies,tbogies72@hostgator.com,Male
Marci Masser,mmasser73@upenn.edu,Bigender
Glyn Drew,gdrew74@shareasale.com,Genderqueer
Koenraad Orman,korman75@goo.gl,Male
Abner Pinilla,apinilla76@foxnews.com,Male
Bathsheba Forri,bforri77@japanpost.jp,Female
Robby Durbridge,rdurbridge78@msn.com,Male
Everett Wyldes,ewyldes79@trellian.com,Genderqueer
Norman Bruun,nbruun7a@de.vu,Bigender
Genovera Cavey,gcavey7b@ft.com,Female
Pippa Russen,prussen7c@bandcamp.com,Female
Anderea Gladman,agladman7d@google.ca,Female
Bengt Stote,bstote7e@reverbnation.com,Male
Kevina Kubalek,kkubalek7f@virginia.edu,Female
Nevsa Sweetland,nsweetland7g@eventbrite.com,Female
Letisha Sidary,lsidary7h@umn.edu,Female
Gloriana Andreasen,gandreasen7i@bizjournals.com,Female
Crystal Powdrell,cpowdrell7j@newyorker.com,Female
Kathye Aronson,karonson7k@is.gd,Female
Carly Gluyas,cgluyas7l@ted.com,Male
Brandtr Guly,bguly7m@usgs.gov,Male
Jaquenette Laurentino,jlaurentino7n@ucoz.ru,Female
Harwilll Klisch,hklisch7o@blogspot.com,Male
Osbourne Heilds,oheilds7p@ebay.com,Male
Mada Mingaye,mmingaye7q@about.com,Female
Rand Scholar,rscholar7r@biblegateway.com,Male
Lannie Beech,lbeech7s@technorati.com,Male
Vinnie McArthur,vmcarthur7t@flickr.com,Female
Abbot Mowsdell,amowsdell7u@hibu.com,Male
Gweneth Wotton,gwotton7v@arstechnica.com,Female
Darrell Haliburton,dhaliburton7w@salon.com,Male
Sibby Blackmoor,sblackmoor7x@spiegel.de,Female
Carlin Briscow,cbriscow7y@nasa.gov,Female
Erick Macknish,emacknish7z@wikipedia.org,Male
Petra Randalson,prandalson80@theglobeandmail.com,Female
Lela Castagnasso,lcastagnasso81@wikipedia.org,Female
Gaven Cescotti,gcescotti82@omniture.com,Non-binary
Marinna Redfern,mredfern83@columbia.edu,Female
Daria Fargie,dfargie84@mit.edu,Female
Darice Greder,dgreder85@trellian.com,Female
Donaugh Grooby,dgrooby86@bloglines.com,Male
Henrietta Sprankling,hsprankling87@devhub.com,Genderfluid
Nicolina Grubbe,ngrubbe88@parallels.com,Female
Bobinette McCarron,bmccarron89@reddit.com,Female
Jasen Maunders,jmaunders8a@marketwatch.com,Male
Crysta Shaddick,cshaddick8b@networkadvertising.org,Female
Chelsae Avory,cavory8c@miitbeian.gov.cn,Female
My Aleksandrov,maleksandrov8d@w3.org,Male
Blanca Purkis,bpurkis8e@unblog.fr,Female
Dominick Hinks,dhinks8f@odnoklassniki.ru,Male
Lizzy Raffan,lraffan8g@domainmarket.com,Agender
Cecilio Madigan,cmadigan8h@tripod.com,Male
Felicio Clurow,fclurow8i@ocn.ne.jp,Male
Morgen Clemenzo,mclemenzo8j@sphinn.com,Male
Koral Sebert,ksebert8k@soundcloud.com,Female
Sinclair Caccavella,scaccavella8l@netscape.com,Male
Reinhard Bourhill,rbourhill8m@usa.gov,Male
Reilly Jerrold,rjerrold8n@php.net,Male
Teriann Gatfield,tgatfield8o@infoseek.co.jp,Female
Kathie Balham,kbalham8p@so-net.ne.jp,Female
Merrick Oldman,moldman8q@howstuffworks.com,Male
Ellene Wyles,ewyles8r@hexun.com,Female
Kit Aleshintsev,kaleshintsev8s@a8.net,Male
Dell Gromley,dgromley8t@biglobe.ne.jp,Male
Arlen Vlach,avlach8u@surveymonkey.com,Genderfluid
Carlos Fries,cfries8v@linkedin.com,Male
Ruddy Joselevitch,rjoselevitch8w@phoca.cz,Male
Zelig Vezey,zvezey8x@weather.com,Male
Andra Littleover,alittleover8y@techcrunch.com,Female
Leslie Cattonnet,lcattonnet8z@biglobe.ne.jp,Female
Etti Sikorski,esikorski90@cocolog-nifty.com,Polygender
Percy Sygrove,psygrove91@angelfire.com,Male
Leena Clissell,lclissell92@forbes.com,Female
Belle Leftwich,bleftwich93@disqus.com,Female
Bab Ettridge,bettridge94@huffingtonpost.com,Female
Dorine Tytherton,dtytherton95@hugedomains.com,Female
Toiboid Lakey,tlakey96@jigsy.com,Male
Clerc Faustian,cfaustian97@boston.com,Male
Graham Lipyeat,glipyeat98@hugedomains.com,Male
Torrin Fowlds,tfowlds99@ebay.com,Male
Charlotta Coffee,ccoffee9a@sourceforge.net,Female
Gertrudis Clissold,gclissold9b@google.com.br,Female
Malchy Malpas,mmalpas9c@usda.gov,Male
Kaitlyn Brownrigg,kbrownrigg9d@example.com,Female
Reggis Sheppey,rsheppey9e@creativecommons.org,Male
Curt Hutcheons,chutcheons9f@newyorker.com,Male
Antonietta Papaminas,apapaminas9g@sciencedaily.com,Female
Benji Kleinstein,bkleinstein9h@a8.net,Male
Tiebout Adelberg,tadelberg9i@trellian.com,Male
Lancelot Gooble,lgooble9j@craigslist.org,Male
Valentia Checchi,vchecchi9k@domainmarket.com,Female
Stacee Hovee,shovee9l@paginegialle.it,Male
Penni Romand,promand9m@wufoo.com,Agender
Claudio Quilter,cquilter9n@reference.com,Genderqueer
Steffie Gallety,sgallety9o@cloudflare.com,Female
Frederich Howland,fhowland9p@upenn.edu,Male
Olivie Drover,odrover9q@spiegel.de,Female
Kirstyn Brunton,kbrunton9r@webs.com,Female
Rycca Trusslove,rtrusslove9s@nbcnews.com,Female
Eb Morch,emorch9t@creativecommons.org,Male
Cyrille Scates,cscates9u@tmall.com,Male
Kelcey Landre,klandre9v@instagram.com,Female
Yuri Digan,ydigan9w@wix.com,Male
Dotty Bourchier,dbourchier9x@dmoz.org,Female
Kenny Henrych,khenrych9y@networkadvertising.org,Male
Gibb Oret,goret9z@economist.com,Male
Raffaello Flacknoe,rflacknoea0@tiny.cc,Male
Skipton Geraldo,sgeraldoa1@sfgate.com,Genderqueer
Gabriele Mum,gmuma2@yelp.com,Male
Charmian Fasler,cfaslera3@squidoo.com,Genderfluid
Stanton Galletly,sgalletlya4@patch.com,Male
Herve Woolen,hwoolena5@joomla.org,Male
Regine McMickan,rmcmickana6@youku.com,Female
Brittan Stallybrass,bstallybrassa7@ox.ac.uk,Female
Bill Kennaway,bkennawaya8@sina.com.cn,Male
Beitris Heaslip,bheaslipa9@cnet.com,Agender
Sollie Vasey,svaseyaa@rediff.com,Male
Mordecai Duesberry,mduesberryab@redcross.org,Male
Udall Rooms,uroomsac@networkadvertising.org,Genderfluid
Cyrille Audas,caudasad@behance.net,Male
Clio Heinritz,cheinritzae@latimes.com,Non-binary
Flss Bleasdale,fbleasdaleaf@boston.com,Female
Catarina Jensen,cjensenag@imgur.com,Female
Kelcey Punton,kpuntonah@behance.net,Non-binary
Odell Clears,oclearsai@shareasale.com,Male
Gerianna De Vaar,gdeaj@bbc.co.uk,Female
Renelle Tear,rtearak@163.com,Female
Rudolf Rushton,rrushtonal@meetup.com,Male
Katee Bleything,kbleythingam@patch.com,Female
Sandy Chapman,schapmanan@bandcamp.com,Female
Philippa Grimble,pgrimbleao@123-reg.co.uk,Female
Aretha Braunroth,abraunrothap@rediff.com,Female
Conant Lecointe,clecointeaq@timesonline.co.uk,Male
Bret Zoanetti,bzoanettiar@sakura.ne.jp,Male
Nikola Maffetti,nmaffettias@simplemachines.org,Male
Erhard Dugan,eduganat@cnet.com,Male
Zechariah Kezor,zkezorau@bloomberg.com,Male
Armando Seczyk,aseczykav@cloudflare.com,Genderfluid
Blondelle Waylen,bwaylenaw@constantcontact.com,Female
Sorcha Huot,shuotax@ted.com,Female
Violante Eaklee,veakleeay@yandex.ru,Female
Alisa Bansal,abansalaz@mapquest.com,Female
Dacie Reap,dreapb0@globo.com,Female
Gilbertine Duly,gdulyb1@microsoft.com,Female
Kerr Scoble,kscobleb2@fastcompany.com,Male
Jamesy Feighry,jfeighryb3@sourceforge.net,Male
Kelsey Deeble,kdeebleb4@xinhuanet.com,Male
Weston Batchelder,wbatchelderb5@delicious.com,Male
Darlleen Howsley,dhowsleyb6@123-reg.co.uk,Female
Hamlin Ingliby,hinglibyb7@nature.com,Male
Babara Vescovini,bvescovinib8@diigo.com,Female
Gordon Sowte,gsowteb9@nasa.gov,Male
Jerome Kinlock,jkinlockba@npr.org,Male
Melba Castell,mcastellbb@arizona.edu,Female
Titos Capun,tcapunbc@over-blog.com,Male
Edi Milkeham,emilkehambd@yellowpages.com,Female
Garek Hemphrey,ghemphreybe@reference.com,Male
Colver Ciccoloi,cciccoloibf@constantcontact.com,Male
Sharai Cohalan,scohalanbg@networkadvertising.org,Female
Jenilee O'Scandall,joscandallbh@instagram.com,Female
Aurilia Ondracek,aondracekbi@ovh.net,Female
Robinson Howling,rhowlingbj@samsung.com,Male
Haleigh Gilhooley,hgilhooleybk@chicagotribune.com,Female
Sarina Bolley,sbolleybl@yahoo.com,Female
Fionnula Hardwicke,fhardwickebm@businesswire.com,Female
Alikee Girodias,agirodiasbn@canalblog.com,Female
Nester Wassung,nwassungbo@pcworld.com,Male
Zora Conford,zconfordbp@devhub.com,Female
Priscella Desson,pdessonbq@sohu.com,Female
Nikita Eary,nearybr@bloglovin.com,Male
Melodee Semiras,msemirasbs@xing.com,Female
Linn Poncet,lponcetbt@eventbrite.com,Polygender
Kassey Lace,klacebu@comcast.net,Female
Roxine Houlton,rhoultonbv@gizmodo.com,Female
Alvan Eykel,aeykelbw@msn.com,Male
Priscilla Dinis,pdinisbx@naver.com,Female
Alberik Dudson,adudsonby@marriott.com,Male
Winnifred Gummery,wgummerybz@cpanel.net,Female
Gregorius Sabati,gsabatic0@stanford.edu,Male
Killie Wallentin,kwallentinc1@nasa.gov,Male
Jamie Gallanders,jgallandersc2@ox.ac.uk,Female
Kayla Zupa,kzupac3@imageshack.us,Female
Terri Eschelle,teschellec4@jigsy.com,Male
Roy Faircliffe,rfaircliffec5@vk.com,Male
Jilly Lind,jlindc6@dailymail.co.uk,Female
Teddie Drinkhall,tdrinkhallc7@bbb.org,Male
Gwenora Arch,garchc8@tripod.com,Female
Kerwinn Mattes,kmattesc9@gizmodo.com,Male
Darcie Buffey,dbuffeyca@drupal.org,Female
Carlen Livezey,clivezeycb@photobucket.com,Female
Sean Bretherick,sbretherickcc@youku.com,Male
Dorri Ockendon,dockendoncd@chronoengine.com,Female
Sarajane Roskruge,sroskrugece@wix.com,Genderfluid
Denys Lathy,dlathycf@accuweather.com,Female
Marshal Moth,mmothcg@hc360.com,Male
Daffie Hargrave,dhargravech@reddit.com,Female
Bobbye Colquhoun,bcolquhounci@cbsnews.com,Female
Alejandra Ciabatteri,aciabattericj@comsenz.com,Female
Lazar Balassi,lbalassick@g.co,Male
Derk Scranny,dscrannycl@symantec.com,Male
Giffie Cannon,gcannoncm@ifeng.com,Male
Lottie Ballin,lballincn@usatoday.com,Female
Bunny Squire,bsquireco@newyorker.com,Genderqueer
Erin Pengilley,epengilleycp@mapquest.com,Male
Cob Labeuil,clabeuilcq@moonfruit.com,Male
Mitchel Gainsburgh,mgainsburghcr@columbia.edu,Male
Dodie Llop,dllopcs@amazon.com,Female
Giustina Landeg,glandegct@marriott.com,Female
Arvie Auld,aauldcu@devhub.com,Male
Lilllie Surmeyers,lsurmeyerscv@godaddy.com,Female
Tobias Cammocke,tcammockecw@rakuten.co.jp,Male
Vic Dorey,vdoreycx@technorati.com,Male
Flor Ilett,filettcy@issuu.com,Female
Kimball Woodgate,kwoodgatecz@answers.com,Male
Delainey Thurbon,dthurbond0@ifeng.com,Bigender
Nalani Heikkinen,nheikkinend1@cpanel.net,Female
Walker Schuster,wschusterd2@studiopress.com,Male
Federico Heake,fheaked3@jalbum.net,Male
Andria Crickmoor,acrickmoord4@go.com,Female
Rorke Bilbery,rbilberyd5@rakuten.co.jp,Male
Markos Gibbett,mgibbettd6@booking.com,Male
Cindie Keay,ckeayd7@sitemeter.com,Female
Berna Gherardini,bgherardinid8@google.com.hk,Female
Alford Tissington,atissingtond9@jimdo.com,Male
Emalee Peeters,epeetersda@globo.com,Female
Rosco Bortolini,rbortolinidb@ucoz.com,Male
Pierette Giacopini,pgiacopinidc@economist.com,Female
Raymund Palia,rpaliadd@slashdot.org,Male
Claresta Manketell,cmanketellde@comcast.net,Genderfluid
Brianna Eseler,beselerdf@tinyurl.com,Agender
Mattias Meates,mmeatesdg@a8.net,Male
Jeffie Andrini,jandrinidh@livejournal.com,Male
Debee Ithell,dithelldi@4shared.com,Female
Sherwin Murkin,smurkindj@guardian.co.uk,Male
Peggie Feasey,pfeaseydk@twitter.com,Female
Dulci Ellerman,dellermandl@linkedin.com,Female
Morgan Arthars,martharsdm@edublogs.org,Male
Christian Wiersma,cwiersmadn@fastcompany.com,Female
Cissiee Petrillo,cpetrillodo@sakura.ne.jp,Genderfluid
Norrie Wraight,nwraightdp@moonfruit.com,Female
Tremain Cheyney,tcheyneydq@studiopress.com,Male
Klarrisa Halton,khaltondr@de.vu,Female
Augustina Sargeant,asargeantds@skyrock.com,Female
Averill Duddy,aduddydt@dailymotion.com,Male
Lurline Perigoe,lperigoedu@ibm.com,Female
Maribel Beldam,mbeldamdv@constantcontact.com,Female
Sebastian Godbehere,sgodbeheredw@issuu.com,Male
Georgie Cabrer,gcabrerdx@hostgator.com,Female
Ced McCrann,cmccranndy@youtube.com,Male
Phillipe Danit,pdanitdz@intel.com,Male
Tisha Ashby,tashbye0@ovh.net,Female
Norean Juarez,njuareze1@patch.com,Female
Hailey Gildersleaves,hgildersleavese2@baidu.com,Male
Edin Castelluzzi,ecastelluzzie3@independent.co.uk,Female
Bennie Bariball,bbariballe4@clickbank.net,Genderqueer
Roman Oxenbury,roxenburye5@oakley.com,Male
Lief Cansdill,lcansdille6@newsvine.com,Male
Dionne Birch,dbirche7@usda.gov,Female
Zara McAnulty,zmcanultye8@marketwatch.com,Female
Marlane McComiskey,mmccomiskeye9@boston.com,Female
Giffard Blesing,gblesingea@dmoz.org,Male
Karisa Sperring,ksperringeb@utexas.edu,Female
Melvyn Bernhardt,mbernhardtec@google.com.hk,Male
Jojo Parker,jparkered@alexa.com,Female
Lexine Hatherall,lhatherallee@surveymonkey.com,Female
Obidiah Alvarado,oalvaradoef@reuters.com,Male
Sunny Bolam,sbolameg@dagondesign.com,Agender
Shoshanna Gray,sgrayeh@hubpages.com,Female
Tobiah Bulstrode,tbulstrodeei@webs.com,Genderqueer
Bonita Braham,bbrahamej@theglobeandmail.com,Female
Sarette Bettridge,sbettridgeek@statcounter.com,Female
Shelby Karlolczak,skarlolczakel@elegantthemes.com,Male
Alyosha Behrend,abehrendem@symantec.com,Male
Lindsy Mityukov,lmityukoven@scribd.com,Genderfluid
Kory O'Hengerty,kohengertyeo@amazon.co.uk,Genderfluid
Leroi Georgins,lgeorginsep@geocities.jp,Male
Cassie Dryden,cdrydeneq@paypal.com,Male
Baron Thayre,bthayreer@wsj.com,Male
Bartholomeus Spon,bspones@addthis.com,Male
Tildi Aizik,taiziket@salon.com,Female
Dulcinea Upwood,dupwoodeu@liveinternet.ru,Female
Alisa Gotter,agotterev@google.com.au,Polygender
Betteann Jewiss,bjewissew@xinhuanet.com,Female
Zebedee Wordsworth,zwordsworthex@zimbio.com,Male
Sinclair Jelk,sjelkey@sfgate.com,Male
Teodora Meeson,tmeesonez@nsw.gov.au,Polygender
Andrei Panniers,apanniersf0@spiegel.de,Female
Booth Dossett,bdossettf1@independent.co.uk,Male
Kimberlyn Crudge,kcrudgef2@addtoany.com,Female
Eldridge Hannibal,ehannibalf3@w3.org,Male
Leola Petrello,lpetrellof4@omniture.com,Female
Stanly Tomadoni,stomadonif5@facebook.com,Male
Eleanore Barfoot,ebarfootf6@free.fr,Female
Llywellyn Dungey,ldungeyf7@cnn.com,Bigender
Bridie Waulker,bwaulkerf8@sphinn.com,Genderfluid
Brandais Mahody,bmahodyf9@tripod.com,Female
Theodora Assandri,tassandrifa@gnu.org,Female
Woodman MacAnespie,wmacanespiefb@boston.com,Polygender
Magnum Jarmaine,mjarmainefc@theatlantic.com,Male
Karina Deignan,kdeignanfd@nps.gov,Female
Sherman Mawdsley,smawdsleyfe@webs.com,Male
Euphemia MacCome,emaccomeff@so-net.ne.jp,Female
Chic Webbe,cwebbefg@latimes.com,Male
Myriam Regi,mregifh@sogou.com,Female
Kristoffer Buttle,kbuttlefi@constantcontact.com,Male
Richmond Pattullo,rpattullofj@dmoz.org,Male
Prescott Giordano,pgiordanofk@rambler.ru,Male
Dominica Frays,dfraysfl@t.co,Genderqueer
Cassius Tough,ctoughfm@ucoz.ru,Male
Katalin Petrello,kpetrellofn@archive.org,Female
Molli Neighbour,mneighbourfo@yale.edu,Female
Al Sterzaker,asterzakerfp@mac.com,Male
Carlene Carnell,ccarnellfq@webs.com,Female
Delbert Taggett,dtaggettfr@freewebs.com,Male
Nestor Coke,ncokefs@census.gov,Male
Gaylor Pyburn,gpyburnft@infoseek.co.jp,Male
Desiri Weekly,dweeklyfu@state.tx.us,Genderqueer
Vanda Joiris,vjoirisfv@state.gov,Female
Alecia Gothliff,agothlifffw@unesco.org,Female
Nancy Franklin,nfranklinfx@nps.gov,Female
Caterina Tugman,ctugmanfy@google.nl,Female
Kaela Poston,kpostonfz@psu.edu,Female
Cash Van der Krui,cvang0@hexun.com,Bigender
Bee Paxeford,bpaxefordg1@eventbrite.com,Female
Brent Burgyn,bburgyng2@pbs.org,Male
Rachael Dodding,rdoddingg3@mail.ru,Female
Granny Minnock,gminnockg4@sun.com,Male
Mathian Ferrige,mferrigeg5@xrea.com,Male
Garrick Gouldbourn,ggouldbourng6@sohu.com,Male
Armin Demcak,ademcakg7@examiner.com,Male
Claire Squirrell,csquirrellg8@lulu.com,Male
Seana Lundie,slundieg9@phpbb.com,Female
Frieda Brychan,fbrychanga@nasa.gov,Female
Ashlan Kybert,akybertgb@studiopress.com,Female
Gerhardt Reeken,greekengc@squarespace.com,Male
Abey Macoun,amacoungd@bing.com,Male
Alex Ions,aionsge@salon.com,Male
Corabella Pennicott,cpennicottgf@barnesandnoble.com,Female
Burl Oldknow,boldknowgg@soundcloud.com,Male
Nancey Cheetam,ncheetamgh@qq.com,Agender
Viola Credland,vcredlandgi@merriam-webster.com,Female
Randolph Gatesman,rgatesmangj@auda.org.au,Male
Rudolfo Trulocke,rtrulockegk@hp.com,Male
El Stang-Gjertsen,estanggjertsengl@timesonline.co.uk,Male
Flory Dory,fdorygm@reference.com,Male
Gal Gretham,ggrethamgn@360.cn,Male
Roddie Wolver,rwolvergo@cmu.edu,Male
Hyman Covington,hcovingtongp@ezinearticles.com,Male
Veronica Cuerda,vcuerdagq@opensource.org,Female
Lorenzo Honatsch,lhonatschgr@businesswire.com,Male
Bradley Richen,brichengs@slideshare.net,Male
Kala O'Corrigane,kocorriganegt@cargocollective.com,Female
Rolf Picford,rpicfordgu@adobe.com,Polygender
Sabra Foldes,sfoldesgv@smh.com.au,Female
Frasier Strutley,fstrutleygw@pagesperso-orange.fr,Male
Dreddy Scotchbourouge,dscotchbourougegx@cbslocal.com,Female
Chastity Sizland,csizlandgy@networksolutions.com,Female
Normy Minichi,nminichigz@sun.com,Male
Fayina Blackwell,fblackwellh0@tmall.com,Female
Jess Springtorp,jspringtorph1@spotify.com,Female
Hanni Spreag,hspreagh2@boston.com,Female
Julina Paradin,jparadinh3@wunderground.com,Female
Tana Ropartz,tropartzh4@goo.gl,Female
Zita Geydon,zgeydonh5@cdc.gov,Female
Jacquetta Jerrim,jjerrimh6@omniture.com,Female
Kira Found,kfoundh7@4shared.com,Female
Rasia Dederick,rdederickh8@constantcontact.com,Female
Casper Mayhow,cmayhowh9@microsoft.com,Male
Ogden Bonhill,obonhillha@privacy.gov.au,Male
Shanda Cabrales,scabraleshb@goodreads.com,Female
Rafaelia Bassill,rbassillhc@soup.io,Female
Beauregard Whitlow,bwhitlowhd@wikispaces.com,Male
Brose Alves,balveshe@myspace.com,Male
Lorelle Lamputt,llamputthf@ycombinator.com,Female
Benoit Nelsey,bnelseyhg@statcounter.com,Male
Jemmy Featherstonehaugh,jfeatherstonehaughhh@indiegogo.com,Female
Thorin Spofforth,tspofforthhi@bandcamp.com,Male
Burnard Choake,bchoakehj@about.com,Male
Cristiano Aidler,caidlerhk@google.it,Male
Mahalia Cornew,mcornewhl@wired.com,Female
Kaile Puvia,kpuviahm@npr.org,Female
Kellen Rigate,krigatehn@tinypic.com,Female
Aguie Eburah,aeburahho@shop-pro.jp,Male
Hyatt Finnie,hfinniehp@mapquest.com,Male
Rudd Ranscome,rranscomehq@acquirethisname.com,Male
Sherman Jillings,sjillingshr@geocities.jp,Male
Adelle Franken,afrankenhs@indiegogo.com,Genderqueer
Gerladina Opie,gopieht@weather.com,Female
Billie Ash,bashhu@symantec.com,Male
Bale Brazil,bbrazilhv@intel.com,Male
Otes Uridge,ouridgehw@wp.com,Male
Toddy Bakster,tbaksterhx@xinhuanet.com,Male
Rutherford Plummer,rplummerhy@is.gd,Male
Filia Huske,fhuskehz@google.co.uk,Female
Tessi Cleve,tclevei0@4shared.com,Female
Mallory Doncom,mdoncomi1@freewebs.com,Female
Eduardo Fellowes,efellowesi2@psu.edu,Male
Juliet Dispencer,jdispenceri3@phoca.cz,Female
Barnard Balharry,bbalharryi4@fc2.com,Male
Annecorinne Kennewell,akennewelli5@wikispaces.com,Polygender
Bibi D'Onise,bdonisei6@linkedin.com,Female
Liana Linny,llinnyi7@nasa.gov,Female
Tiphani Poli,tpolii8@columbia.edu,Female
Nefen Blanket,nblanketi9@google.ru,Male
Damara Mackie,dmackieia@bluehost.com,Female
Rudie Sharpe,rsharpeib@istockphoto.com,Male
Brit Sempill,bsempillic@webmd.com,Male
Nilson Pleaden,npleadenid@homestead.com,Male
Devora Choupin,dchoupinie@baidu.com,Female
Anette Dalgetty,adalgettyif@xinhuanet.com,Agender
Ann Dalgetty,adalgettyig@twitpic.com,Female
Marie-jeanne Sorro,msorroih@hp.com,Non-binary
Annissa Bradlaugh,abradlaughii@google.fr,Female
Humfrey Monini,hmoniniij@angelfire.com,Agender
Arluene Goodwill,agoodwillik@feedburner.com,Female
Lanny Mc Trusty,lmcil@redcross.org,Male
Fabe Matskevich,fmatskevichim@imgur.com,Male
Selia Adshad,sadshadin@cnn.com,Polygender
Kenneth Valdes,kvaldesio@hhs.gov,Male
Glyn Adenet,gadenetip@examiner.com,Female
Dru Dun,dduniq@ox.ac.uk,Male
Pippo Thiolier,pthiolierir@bandcamp.com,Male
Wyatan Windibank,wwindibankis@elpais.com,Male
Inez Spriddle,ispriddleit@youku.com,Female
Waverley Petyankin,wpetyankiniu@yandex.ru,Male
Mathias Wrankmore,mwrankmoreiv@digg.com,Male
Rafe Hardinge,rhardingeiw@trellian.com,Male
Urbano Giacovetti,ugiacovettiix@ebay.co.uk,Male
Beryle Fyrth,bfyrthiy@msn.com,Female
Jessie Cammoile,jcammoileiz@trellian.com,Male
Aymer Spivie,aspiviej0@fema.gov,Male
Minnnie Frounks,mfrounksj1@amazon.com,Female
Bethena Allflatt,ballflattj2@xing.com,Female
Thain Wimpress,twimpressj3@usnews.com,Male
Alfonse Thickett,athickettj4@china.com.cn,Male
Kaitlin Antonchik,kantonchikj5@dell.com,Female
Fernande Laundon,flaundonj6@webnode.com,Female
Arnoldo Kwietak,akwietakj7@aboutads.info,Male
Lura Durrant,ldurrantj8@github.io,Female
Debor Benner,dbennerj9@shareasale.com,Female
Costa Duffitt,cduffittja@answers.com,Male
Beryle Coughtrey,bcoughtreyjb@state.gov,Genderqueer
Dorie Dudding,dduddingjc@simplemachines.org,Male
Erena Guerin,eguerinjd@jiathis.com,Female
Lauri Eidelman,leidelmanje@ehow.com,Female
Dianna Moir,dmoirjf@dailymail.co.uk,Non-binary
Chrysa Gothrup,cgothrupjg@gnu.org,Female
Osbourne Davion,odavionjh@fda.gov,Male
Christie Phizacklea,cphizackleaji@multiply.com,Female
Kynthia Espada,kespadajj@bing.com,Female
Freeman Paladini,fpaladinijk@home.pl,Male
Jasmin Emlyn,jemlynjl@ft.com,Polygender
Birk Jehaes,bjehaesjm@studiopress.com,Male
Iggie Lippatt,ilippattjn@businessweek.com,Male
Nikolia Colomb,ncolombjo@examiner.com,Female
Guntar Grivori,ggrivorijp@flickr.com,Male
Pattie Akid,pakidjq@yolasite.com,Female
Erna Housecroft,ehousecroftjr@issuu.com,Female
Noam Buff,nbuffjs@nyu.edu,Male
Adele Johns,ajohnsjt@creativecommons.org,Female
Tonnie Furmage,tfurmageju@yellowpages.com,Male
Belita Bannerman,bbannermanjv@hibu.com,Female
Leona Puvia,lpuviajw@ifeng.com,Female
Margret Brookson,mbrooksonjx@devhub.com,Female
Miner Reolfo,mreolfojy@mlb.com,Male
Thurston Toun,ttounjz@de.vu,Male
Aristotle Euesden,aeuesdenk0@samsung.com,Male
Denice Becaris,dbecarisk1@yellowpages.com,Female
Zacharia Valadez,zvaladezk2@seattletimes.com,Male
Brannon Shenfisch,bshenfischk3@pagesperso-orange.fr,Male
Harman Marginson,hmarginsonk4@huffingtonpost.com,Male
Ruprecht Scoble,rscoblek5@skype.com,Male
Yoshiko McParlin,ymcparlink6@independent.co.uk,Female
Kinsley Konmann,kkonmannk7@globo.com,Male
Warden Greeves,wgreevesk8@example.com,Male
Jeremie Tilbrook,jtilbrookk9@admin.ch,Male
Rosamund Beadel,rbeadelka@e-recht24.de,Female
Sisely Richardt,srichardtkb@technorati.com,Female
Kirstin Bendel,kbendelkc@ca.gov,Female
Trumaine Garlicke,tgarlickekd@ucsd.edu,Male
Eolanda Acres,eacreske@kickstarter.com,Female
Bran Poytress,bpoytresskf@sakura.ne.jp,Male
Dari Innwood,dinnwoodkg@kickstarter.com,Female
Stu Bengall,sbengallkh@google.cn,Male
Jillian Puffett,jpuffettki@alibaba.com,Female
Fonsie Stemp,fstempkj@admin.ch,Male
Yule Phippen,yphippenkk@simplemachines.org,Male
Faunie Razzell,frazzellkl@irs.gov,Female
Skye Just,sjustkm@joomla.org,Genderfluid
Cad McCoish,cmccoishkn@netlog.com,Genderfluid
Tailor Mary,tmaryko@state.gov,Male
Tanney Hawford,thawfordkp@sphinn.com,Male
Kristin Kenny,kkennykq@tamu.edu,Female
Sianna Linster,slinsterkr@boston.com,Bigender
Tanney Compfort,tcompfortks@wiley.com,Male
Kiley Scase,kscasekt@goo.gl,Male
Monty Garnsey,mgarnseyku@bandcamp.com,Male
Eryn Planks,eplankskv@joomla.org,Female
Nevin Egglestone,negglestonekw@admin.ch,Male
Gui Nosworthy,gnosworthykx@cafepress.com,Female
Dotti Codrington,dcodringtonky@thetimes.co.uk,Non-binary
Christophorus Powling,cpowlingkz@wikia.com,Male
Kirk Woolston,kwoolstonl0@discovery.com,Male
Ravi Hirschmann,rhirschmannl1@sogou.com,Male
Dame Josephi,djosephil2@tamu.edu,Male
Mariquilla Dalwood,mdalwoodl3@simplemachines.org,Female
Gamaliel Rodson,grodsonl4@jigsy.com,Male
Abbe Ferri,aferril5@issuu.com,Male
Bettina Mayzes,bmayzesl6@1688.com,Female
Shel Erickssen,serickssenl7@youtube.com,Female
Alfie Klimshuk,aklimshukl8@xinhuanet.com,Male
Brooke Rubinsztein,brubinszteinl9@cnbc.com,Female
Dianemarie Ribbens,dribbensla@ezinearticles.com,Female
Bealle Prince,bprincelb@mlb.com,Male
Percy Germann,pgermannlc@elpais.com,Male
Brannon Gaukroger,bgaukrogerld@issuu.com,Male
Paulina August,paugustle@ebay.com,Female
Jenine Fussey,jfusseylf@ox.ac.uk,Female
Galina Camden,gcamdenlg@soundcloud.com,Female
Christiane Mulqueeny,cmulqueenylh@i2i.jp,Female
Ferdinand Meere,fmeereli@reddit.com,Male
Kaylil Johanchon,kjohanchonlj@shop-pro.jp,Female
Astrid Croci,acrocilk@webmd.com,Female
Morry Rominov,mrominovll@1688.com,Male
Karry Dolley,kdolleylm@exblog.jp,Female
Rad Mitroshinov,rmitroshinovln@ebay.co.uk,Male
Colby Franzini,cfranzinilo@usatoday.com,Male
Candis Beeck,cbeecklp@hibu.com,Female
Darlleen Bellinger,dbellingerlq@pagesperso-orange.fr,Female
Gabriel Lancett,glancettlr@google.com.hk,Genderqueer
Rozalie Doneld,rdoneldls@ovh.net,Female
Leodora Stainsby,lstainsbylt@ustream.tv,Female
Ed Birds,ebirdslu@google.com,Genderqueer
Bruis Dallman,bdallmanlv@wikimedia.org,Male
Rustin Carabet,rcarabetlw@dailymail.co.uk,Male
Ingemar Bartosek,ibartoseklx@indiatimes.com,Male
Carlyn Dunsire,cdunsirely@yahoo.com,Female
Erick Bill,ebilllz@cdbaby.com,Genderfluid
Fidelia Paule,fpaulem0@tuttocitta.it,Female
Merl Lifsey,mlifseym1@devhub.com,Female
Jeannine Simmings,jsimmingsm2@jalbum.net,Female
Mona Monck,mmonckm3@virginia.edu,Female
Dedie Haskew,dhaskewm4@epa.gov,Female
Terry Granham,tgranhamm5@gnu.org,Female
Isiahi Marco,imarcom6@hud.gov,Male
Oralee Pflieger,opfliegerm7@ca.gov,Genderqueer
Lindsay Divers,ldiversm8@washingtonpost.com,Non-binary
Angelika McCrossan,amccrossanm9@ftc.gov,Female
Sayres Lafoy,slafoyma@cbc.ca,Male
Catharine Broader,cbroadermb@imgur.com,Female
Constantin Uccello,cuccellomc@utexas.edu,Male
Garner Chevis,gchevismd@topsy.com,Male
Monro Pasmore,mpasmoreme@huffingtonpost.com,Male
Andrus Stading,astadingmf@webeden.co.uk,Male
Mandel Clarae,mclaraemg@creativecommons.org,Male
Giraldo Ruos,gruosmh@instagram.com,Male
Maxie O'Mailey,momaileymi@netscape.com,Male
Whit Footer,wfootermj@pagesperso-orange.fr,Male
Heinrick Dron,hdronmk@loc.gov,Male
Worthington Sclater,wsclaterml@msu.edu,Male
Briant MacAulay,bmacaulaymm@skyrock.com,Male
Gennifer Pickless,gpicklessmn@bandcamp.com,Female
Guglielmo Toffano,gtoffanomo@blinklist.com,Male
Regen Sheringham,rsheringhammp@github.com,Male
Bonnee Oswald,boswaldmq@wp.com,Female
Massimiliano Radclyffe,mradclyffemr@blinklist.com,Male
Gaynor Heeran,gheeranms@globo.com,Female
Anna Kislingbury,akislingburymt@vkontakte.ru,Female
Renate Birkmyr,rbirkmyrmu@archive.org,Female
Harold Grindlay,hgrindlaymv@trellian.com,Male
Modesta Rossbrooke,mrossbrookemw@theatlantic.com,Female
Wallis Derks,wderksmx@miibeian.gov.cn,Female
Tracey Eadington,teadingtonmy@oakley.com,Non-binary
Fidelity Milch,fmilchmz@mit.edu,Female
Poul Attaway,pattawayn0@bloglovin.com,Agender
Morten Matteoni,mmatteonin1@zimbio.com,Male
Allsun Jeafferson,ajeaffersonn2@networksolutions.com,Female
Gal Fleeming,gfleemingn3@phoca.cz,Male
Sibby Candelin,scandelinn4@xinhuanet.com,Non-binary
Broddy Jamrowicz,bjamrowiczn5@devhub.com,Male
Nonnah Furlong,nfurlongn6@163.com,Female
Merci Breton,mbretonn7@pcworld.com,Female
Hewet Hackey,hhackeyn8@artisteer.com,Male
Bianka Championnet,bchampionnetn9@weibo.com,Female
Gretchen Bottomley,gbottomleyna@wiley.com,Female
Rafaela Bromwich,rbromwichnb@homestead.com,Female
Denna Stolting,dstoltingnc@stanford.edu,Female
Dasi Godbolt,dgodboltnd@csmonitor.com,Female
Tami Cogdon,tcogdonne@bandcamp.com,Female
Damita Jackett,djackettnf@google.pl,Female
Horten Petrushkevich,hpetrushkevichng@prlog.org,Male
Georgie Cardozo,gcardozonh@goodreads.com,Male
Trip Lidster,tlidsterni@discuz.net,Male
Timmy Allwright,tallwrightnj@ucoz.ru,Male
Adelind Tilson,atilsonnk@nationalgeographic.com,Female
Isaiah Jeger,ijegernl@salon.com,Male
Moira Nolda,mnoldanm@mail.ru,Female
Suzette Ancell,sancellnn@zimbio.com,Female
Francklyn Goss,fgossno@is.gd,Male
Jammal Oseland,joselandnp@ustream.tv,Male
Turner Fisbburne,tfisbburnenq@free.fr,Male
Erin Moncur,emoncurnr@parallels.com,Male
Dom Bulger,dbulgerns@tuttocitta.it,Male
Carilyn Villar,cvillarnt@yahoo.co.jp,Female
Aarika Kinde,akindenu@whitehouse.gov,Female
Gerik Bescoby,gbescobynv@hud.gov,Male
Loise Carde,lcardenw@google.co.jp,Bigender
Lloyd Minchi,lminchinx@flavors.me,Male
Janice Drivers,jdriversny@sphinn.com,Female
Arleta Bendelow,abendelownz@yellowbook.com,Female
Eugen Garlant,egarlanto0@elpais.com,Male
Adolph Milesop,amilesopo1@amazonaws.com,Male
Griffin Oswald,goswaldo2@oakley.com,Male
Geri Ohrt,gohrto3@symantec.com,Male
Boothe Szymanowicz,bszymanowiczo4@mapy.cz,Male
Denice Bawdon,dbawdono5@behance.net,Female
Regan Bensusan,rbensusano6@cnet.com,Male
Carolin Levick,clevicko7@php.net,Female
Marcelle Vyel,mvyelo8@instagram.com,Female
Merline Papes,mpapeso9@cnbc.com,Female
Wilfrid Dirr,wdirroa@4shared.com,Male
Linet Uebel,luebelob@youtu.be,Female
Saunderson Housin,shousinoc@wikia.com,Male
Edwina Gaize,egaizeod@twitpic.com,Female
Nolan Stainbridge,nstainbridgeoe@slideshare.net,Male
Kristofer Paxman,kpaxmanof@whitehouse.gov,Male
Seth Buttel,sbuttelog@etsy.com,Male
Bryant Queyeiro,bqueyeirooh@51.la,Agender
Melodie Hacaud,mhacaudoi@canalblog.com,Female
Ches Hayler,chayleroj@weebly.com,Male
Ami Nerne,anerneok@samsung.com,Female
Claiborn Flint,cflintol@icq.com,Male
Pattin Van de Castele,pvanom@privacy.gov.au,Male
Rickard Vearncombe,rvearncombeon@list-manage.com,Male
Edgardo Maven,emavenoo@shareasale.com,Male
Mariska Prayer,mprayerop@pinterest.com,Female
Philip Riall,prialloq@sphinn.com,Male
Allx Meffen,ameffenor@virginia.edu,Female
Darrin Shank,dshankos@lulu.com,Male
Durant Copestick,dcopestickot@symantec.com,Genderfluid
Ellissa Springtorpe,espringtorpeou@hao123.com,Female
Merry Village,mvillageov@vimeo.com,Female
York Duchant,yduchantow@aboutads.info,Male
Chance Daubeny,cdaubenyox@over-blog.com,Male
Brigitte Nott,bnottoy@unblog.fr,Female
Giacobo Clemett,gclemettoz@360.cn,Male
Con Garden,cgardenp0@foxnews.com,Male
Skipper Ulster,sulsterp1@yahoo.co.jp,Male
Lorinda Huckell,lhuckellp2@webs.com,Female
Marcia Elderfield,melderfieldp3@about.com,Female
Walt Benny,wbennyp4@shinystat.com,Male
Laura Rielly,lriellyp5@123-reg.co.uk,Female
Michail Dallender,mdallenderp6@businessinsider.com,Male
Jasper Cana,jcanap7@usda.gov,Male
Katrine Roomes,kroomesp8@oracle.com,Female
Lyssa Birden,lbirdenp9@mayoclinic.com,Female
Keir Vigneron,kvigneronpa@ustream.tv,Male
Pegeen Forber,pforberpb@skype.com,Female
Virginie Ishak,vishakpc@cdc.gov,Female
Shirlene Dunton,sduntonpd@sohu.com,Female
Sal Udey,sudeype@umn.edu,Female
Conny Tampling,ctamplingpf@addthis.com,Female
Jessamyn Rives,jrivespg@fastcompany.com,Female
Nathanil Gainsford,ngainsfordph@pinterest.com,Male
Trish Kantor,tkantorpi@paypal.com,Female
Cullen Simeons,csimeonspj@samsung.com,Male
Egan Philippault,ephilippaultpk@discuz.net,Male
Elysia Kovacs,ekovacspl@twitter.com,Female
Archy Mulvany,amulvanypm@example.com,Male
Archy Snaden,asnadenpn@jigsy.com,Male
Araldo Trumble,atrumblepo@google.ca,Male
Taddeusz Whye,twhyepp@joomla.org,Male
Hinda Janoschek,hjanoschekpq@dion.ne.jp,Female
Chevy Bucksey,cbuckseypr@oaic.gov.au,Male
Miguel Schubuser,mschubuserps@fda.gov,Male
Umeko Cockerell,ucockerellpt@domainmarket.com,Female
Cosimo Caddens,ccaddenspu@pbs.org,Male
Yvor Perllman,yperllmanpv@creativecommons.org,Male
Jacinthe Rabson,jrabsonpw@netscape.com,Female
Allistir Geyton,ageytonpx@networkadvertising.org,Male
Reina Sollner,rsollnerpy@pagesperso-orange.fr,Female
Rudolf Kalkofer,rkalkoferpz@tuttocitta.it,Male
Dionysus Moyse,dmoyseq0@cmu.edu,Male
Gideon Espinos,gespinosq1@dropbox.com,Male
Pamelina Novelli,pnovelliq2@merriam-webster.com,Female
Kalina Boulding,kbouldingq3@timesonline.co.uk,Female
Damiano Pagen,dpagenq4@jalbum.net,Male
Ramonda Virgo,rvirgoq5@wisc.edu,Female
Sarah Pirt,spirtq6@skype.com,Female
Kienan Casiroli,kcasiroliq7@epa.gov,Male
Cilka Bowra,cbowraq8@theglobeandmail.com,Agender
Rogers Backshell,rbackshellq9@nba.com,Male
Evyn Kissack,ekissackqa@posterous.com,Male
Rudd Sabatini,rsabatiniqb@soundcloud.com,Male
Eadie Batrim,ebatrimqc@loc.gov,Non-binary
Mile Branchflower,mbranchflowerqd@umn.edu,Male
Genia Barkworth,gbarkworthqe@fema.gov,Female
Curr O'Sherrin,cosherrinqf@mozilla.org,Male
Carl Mongenot,cmongenotqg@baidu.com,Male
Wiley Clampe,wclampeqh@opera.com,Male
Ardine Bonnell,abonnellqi@tripadvisor.com,Female
Grata Seacombe,gseacombeqj@ifeng.com,Female
Malissia Stuckes,mstuckesqk@free.fr,Female
Jonathan Antoniottii,jantoniottiiql@businessweek.com,Male
Tabbitha Messer,tmesserqm@hexun.com,Non-binary
Chandler Weatherley,cweatherleyqn@tiny.cc,Male
Zebedee Pengelly,zpengellyqo@opera.com,Male
Ben Naughton,bnaughtonqp@fc2.com,Male
Lucy Roggerone,lroggeroneqq@cargocollective.com,Female
Rockie Pickervance,rpickervanceqr@google.it,Polygender
Anthea Jenks,ajenksqs@wsj.com,Non-binary
Auberon Tyrer,atyrerqt@squidoo.com,Male
Hildagarde Fry,hfryqu@tripadvisor.com,Female
Lorrayne Cleverley,lcleverleyqv@nationalgeographic.com,Female
Peri Clampe,pclampeqw@ow.ly,Female
Ilario Reolfi,ireolfiqx@blogspot.com,Male
Tremaine Lambrechts,tlambrechtsqy@netvibes.com,Male
Mozes Peeter,mpeeterqz@indiatimes.com,Genderfluid
Jyoti Prier,jprierr0@ft.com,Polygender
Sissie Childe,schilder1@howstuffworks.com,Female
Kevin Avramow,kavramowr2@epa.gov,Male
Alicia McNish,amcnishr3@scribd.com,Female
Hedvige Shillabear,hshillabearr4@sfgate.com,Female
Spense Greathead,sgreatheadr5@cisco.com,Male
Justis Gerrett,jgerrettr6@economist.com,Male
Bob Lints,blintsr7@de.vu,Male
Pauly Scotford,pscotfordr8@list-manage.com,Female
Elwira Tschiersch,etschierschr9@go.com,Female
Nikolos Quinane,nquinanera@goodreads.com,Male
Rosamond Holgan,rholganrb@epa.gov,Female
Chrissy Keenlyside,ckeenlysiderc@nih.gov,Female
Alexandre Korneichuk,akorneichukrd@redcross.org,Male
Belita Liccardi,bliccardire@issuu.com,Female
Bili Piechnik,bpiechnikrf@altervista.org,Female
Madlen Hallgarth,mhallgarthrg@about.me,Female
Julian Passingham,jpassinghamrh@paypal.com,Male
Ricard Cordobes,rcordobesri@berkeley.edu,Male
Loralie Aveson,lavesonrj@noaa.gov,Female
Miriam Stewart,mstewartrk@wisc.edu,Female
Haleigh Kertess,hkertessrl@paginegialle.it,Male
Isacco Garfath,igarfathrm@wikispaces.com,Male
Olenolin Leed,oleedrn@ibm.com,Male
Antonina Irnys,airnysro@google.com.hk,Female
Lesli Beddie,lbeddierp@cnn.com,Female
Zebedee Quin,zquinrq@blog.com,Male
Andre Black,ablackrr@ft.com,Male
