name,email,gender
Cyrill Rushforth,crushforth0@dagondesign.com,Male
Marci Prettjohn,mprettjohn1@ucsd.edu,Female
Garry Wolfinger,gwolfinger2@msn.com,Male
Janos Boise,jboise3@csmonitor.com,Male
Roxie Woolbrook,rwoolbrook4@goodreads.com,Female
Kiley Tunno,ktunno5@who.int,Male
Dianne Bennedsen,dbennedsen6@hubpages.com,Female
Alison Brushfield,abrushfield7@yahoo.co.jp,Female
Emmalee Sandwick,esandwick8@sohu.com,Female
Nico Antonio,nantonio9@shareasale.com,Male
Eveline Burrell,eburrella@biglobe.ne.jp,Genderfluid
Roosevelt Marrow,rmarrowb@upenn.edu,Male
Linzy Salaman,lsalamanc@stanford.edu,Female
Erek Buntine,ebuntined@omniture.com,Bigender
Daisie Mears,dmearse@arizona.edu,Female
Patsy Loads,ploadsf@globo.com,Male
Toni Monahan,tmonahang@timesonline.co.uk,Female
Clywd Yurinov,cyurinovh@youtu.be,Male
Lurette Mcettrick,lmcettricki@reverbnation.com,Female
Eleonore De L'Isle,edej@youku.com,Female
Linzy Salandino,lsalandinok@cmu.edu,Female
Danette Enrique,denriquel@i2i.jp,Female
Fred Roseby,frosebym@jalbum.net,Male
Clay Boliver,cbolivern@weather.com,Male
Anabella Ratcliffe,aratcliffeo@reddit.com,Female
Thelma Paoletti,tpaolettip@sitemeter.com,Agender
Eduino Polak,epolakq@amazon.co.uk,Male
Benton McSherry,bmcsherryr@deviantart.com,Male
Odell Sirl,osirls@nytimes.com,Male
Prince Harrismith,pharrismitht@ucla.edu,Male
Tildy Lowseley,tlowseleyu@businessweek.com,Female
Burt Dalliwatr,bdalliwatrv@dagondesign.com,Male
Angie Andriuzzi,aandriuzziw@yale.edu,Male
Idaline De Filippo,idex@bloomberg.com,Female
Guglielma Patria,gpatriay@ox.ac.uk,Female
Freedman Baumer,fbaumerz@imdb.com,Genderqueer
Maurita Greiswood,mgreiswood10@friendfeed.com,Female
Manfred Whittlesey,mwhittlesey11@mashable.com,Male
Skipp Tollet,stollet12@imageshack.us,Male
Maximilianus Lebourn,mlebourn13@360.cn,Male
Guilbert Jancy,gjancy14@constantcontact.com,Male
Gian Burnett,gburnett15@mashable.com,Male
Sadye Lansley,slansley16@sogou.com,Female
Barney Free,bfree17@privacy.gov.au,Male
Jeffrey McIlwreath,jmcilwreath18@studiopress.com,Male
Maris Kimberly,mkimberly19@altervista.org,Female
Lena Leathley,lleathley1a@xinhuanet.com,Female
Edd Ace,eace1b@quantcast.com,Male
Chase Cool,ccool1c@xing.com,Male
Greg MacCarlich,gmaccarlich1d@cbslocal.com,Male
Georgia Heatly,gheatly1e@earthlink.net,Female
Isa Haton,ihaton1f@usda.gov,Male
Viv Capron,vcapron1g@toplist.cz,Female
Matthus Hamner,mhamner1h@jimdo.com,Male
Nessa Uzielli,nuzielli1i@cyberchimps.com,Female
Stafani Patnelli,spatnelli1j@mediafire.com,Female
Malena Jermyn,mjermyn1k@google.fr,Female
Lilah Meneghelli,lmeneghelli1l@privacy.gov.au,Female
Mela Mounce,mmounce1m@gravatar.com,Female
Jerome Risdale,jrisdale1n@google.fr,Male
Jocelin Clacey,jclacey1o@prnewswire.com,Female
Johnathan De Beauchemp,jde1p@mayoclinic.com,Male
Odille O'Gleasane,oogleasane1q@plala.or.jp,Female
Gwyn Bothram,gbothram1r@digg.com,Female
Bail Persent,bpersent1s@vistaprint.com,Male
Glynis Blowes,gblowes1t@comsenz.com,Female
Clayton Ruckert,cruckert1u@reference.com,Male
Cheri Giovanitti,cgiovanitti1v@nba.com,Female
Mel Jacks,mjacks1w@sun.com,Male
Fay MacCarroll,fmaccarroll1x@tamu.edu,Female
Adriana Gocher,agocher1y@meetup.com,Female
Alfons Pabelik,apabelik1z@flickr.com,Male
Morgun Mepham,mmepham20@pcworld.com,Male
Iago Rubinlicht,irubinlicht21@whitehouse.gov,Male
Estella Kubelka,ekubelka22@samsung.com,Female
Ruprecht Schruyers,rschruyers23@chronoengine.com,Polygender
Richart Taberner,rtaberner24@reference.com,Male
Benita Orth,borth25@deliciousdays.com,Female
Sal Seagrave,sseagrave26@stanford.edu,Female
Osmund Essel,oessel27@utexas.edu,Male
Gracie Addington,gaddington28@wunderground.com,Female
Rodge Beavors,rbeavors29@marketwatch.com,Non-binary
Corty Boken,cboken2a@tamu.edu,Male
Puff Gallyhaock,pgallyhaock2b@free.fr,Male
Had Lupton,hlupton2c@amazon.de,Male
Ogdon MacGauhy,omacgauhy2d@wikia.com,Male
Donielle Jossel,djossel2e@imageshack.us,Female
Angelle McGillivray,amcgillivray2f@hibu.com,Non-binary
Cookie Crichmere,ccrichmere2g@ameblo.jp,Female
Alric Alvaro,aalvaro2h@comsenz.com,Male
Janice Ramshaw,jramshaw2i@xing.com,Female
Neall Harkins,nharkins2j@quantcast.com,Male
Dougie Hymer,dhymer2k@go.com,Male
Janice Kildea,jkildea2l@huffingtonpost.com,Female
Lorelei Trollope,ltrollope2m@ovh.net,Female
Jean Cramphorn,jcramphorn2n@soup.io,Bigender
Roda Twiggins,rtwiggins2o@aol.com,Female
Charlton Brunotti,cbrunotti2p@boston.com,Male
Jock Kitter,jkitter2q@sitemeter.com,Male
Carola Diver,cdiver2r@bloomberg.com,Female
Dagmar De la croix,dde2s@scientificamerican.com,Female
Phil Sherringham,psherringham2t@wikispaces.com,Female
Gareth Beade,gbeade2u@census.gov,Bigender
Gamaliel De Gouy,gde2v@yandex.ru,Male
Sena Crush,scrush2w@aboutads.info,Female
Chev Laflin,claflin2x@vk.com,Male
Lothaire Roskrug,lroskrug2y@usnews.com,Male
Rosella Gerhardt,rgerhardt2z@independent.co.uk,Female
Roman Grubbe,rgrubbe30@apple.com,Male
Chris Jamot,cjamot31@bloomberg.com,Female
Alidia Millery,amillery32@globo.com,Female
Gwendolin Biggerstaff,gbiggerstaff33@blog.com,Female
Dalli Devonshire,ddevonshire34@homestead.com,Male
Aidan Skaid,askaid35@ezinearticles.com,Female
Sada Loughan,sloughan36@baidu.com,Female
Ag Greschik,agreschik37@webs.com,Female
Shanda Benner,sbenner38@buzzfeed.com,Female
Yard Hedworth,yhedworth39@admin.ch,Male
Anatol Worral,aworral3a@psu.edu,Genderqueer
Annelise Rollason,arollason3b@soundcloud.com,Female
Arch Stansbury,astansbury3c@twitpic.com,Male
Ellynn McCloud,emccloud3d@fotki.com,Female
Elihu Derkes,ederkes3e@github.com,Male
Radcliffe Stickells,rstickells3f@mapquest.com,Male
Lavena Brittin,lbrittin3g@bizjournals.com,Female
Cheslie Caizley,ccaizley3h@chron.com,Female
Sigismond Mayzes,smayzes3i@alexa.com,Male
Slade Doniso,sdoniso3j@cargocollective.com,Male
Paige Emanson,pemanson3k@deliciousdays.com,Male
Godard Clancy,gclancy3l@delicious.com,Male
Benni Solly,bsolly3m@kickstarter.com,Genderfluid
Sutton Pariss,spariss3n@edublogs.org,Male
Paddy Petry,ppetry3o@biblegateway.com,Male
Auroora Blomfield,ablomfield3p@homestead.com,Female
Kipp McKeurton,kmckeurton3q@sciencedaily.com,Male
Florella Wolfarth,fwolfarth3r@linkedin.com,Female
Elisabetta Syers,esyers3s@nasa.gov,Female
Helyn Moralas,hmoralas3t@gizmodo.com,Female
Marnia Studeart,mstudeart3u@google.com.au,Female
Ynez Selman,yselman3v@mozilla.org,Female
Elwyn Cockell,ecockell3w@csmonitor.com,Male
Ephraim Greenless,egreenless3x@sciencedirect.com,Male
Saleem Malkin,smalkin3y@accuweather.com,Male
Kingsly Brunke,kbrunke3z@meetup.com,Bigender
Marne Dearell,mdearell40@creativecommons.org,Female
Karyl Crinion,kcrinion41@amazon.de,Female
Skipper Flaunders,sflaunders42@tamu.edu,Male
Rivalee Whittet,rwhittet43@patch.com,Female
Royce Sedgman,rsedgman44@bluehost.com,Male
Onida Saltman,osaltman45@yelp.com,Female
Mildrid Kedwell,mkedwell46@mapquest.com,Female
Andie Woodfield,awoodfield47@whitehouse.gov,Female
Broddie Warsap,bwarsap48@unblog.fr,Male
Debby Kingswoode,dkingswoode49@chronoengine.com,Female
Cello Body,cbody4a@usda.gov,Male
Doreen Boc,dboc4b@wikia.com,Female
Olivier Viner,oviner4c@163.com,Male
Aguie Brake,abrake4d@marketwatch.com,Male
Neille Ablett,nablett4e@joomla.org,Female
Butch Polfer,bpolfer4f@fema.gov,Male
Meta Eck,meck4g@msu.edu,Female
Rustin Aguilar,raguilar4h@technorati.com,Male
Malvin McTague,mmctague4i@xrea.com,Male
Nicolai Higounet,nhigounet4j@skype.com,Male
Freemon Dymond,fdymond4k@virginia.edu,Male
Reina Wincom,rwincom4l@blogs.com,Female
Nathanael Matyukon,nmatyukon4m@alibaba.com,Male
Gay Manhare,gmanhare4n@npr.org,Male
Nollie Crennell,ncrennell4o@salon.com,Female
Gal Beveridge,gbeveridge4p@epa.gov,Male
Nerissa Sellan,nsellan4q@symantec.com,Female
Val Olyonov,volyonov4r@salon.com,Female
Jillian Wolseley,jwolseley4s@comcast.net,Female
Raeann Neary,rneary4t@wikia.com,Female
Kirbie Nibloe,knibloe4u@indiatimes.com,Female
Selma Feuell,sfeuell4v@skyrock.com,Female
Percival Langrick,plangrick4w@ow.ly,Male
Merv Regardsoe,mregardsoe4x@biblegateway.com,Male
Myrtle Bagshawe,mbagshawe4y@youku.com,Female
Denny Pitkeathley,dpitkeathley4z@sourceforge.net,Male
Rhea Florio,rflorio50@blinklist.com,Female
Margeaux Melland,mmelland51@thetimes.co.uk,Female
Jacinda Schistl,jschistl52@flickr.com,Polygender
Georgie Oldroyd,goldroyd53@amazonaws.com,Male
Christian Gianneschi,cgianneschi54@go.com,Female
Obed Dolden,odolden55@google.cn,Non-binary
Caddric Bankes,cbankes56@mozilla.org,Male
Borg Hazell,bhazell57@zdnet.com,Male
Wang Ponceford,wponceford58@odnoklassniki.ru,Male
Fairfax Bowton,fbowton59@indiatimes.com,Male
Berri Waiting,bwaiting5a@dailymotion.com,Female
Reinhard Giacobelli,rgiacobelli5b@sciencedaily.com,Male
Robenia Fagg,rfagg5c@sun.com,Female
Rickey Carthy,rcarthy5d@issuu.com,Male
Culver Hows,chows5e@china.com.cn,Male
Anabal Elgram,aelgram5f@shutterfly.com,Female
Tyne Muncey,tmuncey5g@biblegateway.com,Female
Natty McGennis,nmcgennis5h@pbs.org,Female
Isabelita Lomas,ilomas5i@google.ru,Female
Lauritz Mayoh,lmayoh5j@vinaora.com,Male
Roth Lezemere,rlezemere5k@ca.gov,Male
Fritz Varker,fvarker5l@4shared.com,Male
Abramo Ormesher,aormesher5m@prnewswire.com,Male
Dalli Djurdjevic,ddjurdjevic5n@cornell.edu,Male
Aaron Puncher,apuncher5o@squidoo.com,Male
Milzie Broughton,mbroughton5p@opensource.org,Female
Corabel Boswood,cboswood5q@i2i.jp,Female
Arlette Arnell,aarnell5r@about.com,Female
Oren Focke,ofocke5s@oakley.com,Genderqueer
Dave Lelande,dlelande5t@dedecms.com,Male
Jeffie Shepheard,jshepheard5u@bandcamp.com,Male
Dyane Sapauton,dsapauton5v@prlog.org,Female
Normand Gommey,ngommey5w@google.it,Male
Dirk Sheppey,dsheppey5x@walmart.com,Male
Faunie Langfat,flangfat5y@dmoz.org,Female
Morena Ceyssen,mceyssen5z@bloglovin.com,Female
Giffy MacConnechie,gmacconnechie60@deviantart.com,Male
Mitchael Romand,mromand61@cisco.com,Male
Mitchael Avramov,mavramov62@stanford.edu,Male
Dorene Streak,dstreak63@scribd.com,Female
Lenee Raffin,lraffin64@springer.com,Female
Bailie Patillo,bpatillo65@mozilla.org,Male
Wilona Gossling,wgossling66@soup.io,Female
Valma Charters,vcharters67@wiley.com,Female
Fiorenze Robke,frobke68@msu.edu,Bigender
Gerhardt Vasenin,gvasenin69@phpbb.com,Male
Bessie Hitter,bhitter6a@admin.ch,Agender
Hamil Keward,hkeward6b@wikia.com,Non-binary
Brandon Yes,byes6c@google.com.au,Male
Reider Benedict,rbenedict6d@army.mil,Male
Eugine Harrowing,eharrowing6e@clickbank.net,Female
Yelena Exroll,yexroll6f@ustream.tv,Female
Lucienne Halsey,lhalsey6g@home.pl,Female
Katleen Guise,kguise6h@yandex.ru,Female
Ula Scotcher,uscotcher6i@apache.org,Female
Alikee Colcutt,acolcutt6j@exblog.jp,Female
Whitaker Winspire,wwinspire6k@scribd.com,Male
Garrick Westerman,gwesterman6l@php.net,Genderqueer
Reinhold Brockton,rbrockton6m@moonfruit.com,Polygender
Josh Goning,jgoning6n@mac.com,Male
Cole Glasebrook,cglasebrook6o@examiner.com,Male
Trumaine Craney,tcraney6p@liveinternet.ru,Male
Marianna Barmadier,mbarmadier6q@exblog.jp,Female
Arne Grieveson,agrieveson6r@vistaprint.com,Male
Hanna Fann,hfann6s@nationalgeographic.com,Female
Kaitlin Sarten,ksarten6t@businesswire.com,Female
Tiffanie Gaishson,tgaishson6u@pagesperso-orange.fr,Genderqueer
Cherilynn Stithe,cstithe6v@feedburner.com,Female
Giffy Mankor,gmankor6w@blogger.com,Male
Dorette Toopin,dtoopin6x@soundcloud.com,Female
Yoshiko Hanbury-Brown,yhanburybrown6y@unblog.fr,Female
Indira MacRedmond,imacredmond6z@miibeian.gov.cn,Female
Bren Downage,bdownage70@whitehouse.gov,Male
Denyse Limbrick,dlimbrick71@t.co,Female
Dave Shanklin,dshanklin72@gov.uk,Male
Melisent Rack,mrack73@accuweather.com,Female
Ev Caws,ecaws74@reuters.com,Male
Shell Milvarnie,smilvarnie75@icio.us,Female
Stacia Jaggi,sjaggi76@slashdot.org,Female
Jeni Dunphie,jdunphie77@soup.io,Female
Pascal Croisdall,pcroisdall78@indiegogo.com,Non-binary
Newton Muge,nmuge79@ucoz.com,Male
Jennee Badam,jbadam7a@ameblo.jp,Female
Frieda Venus,fvenus7b@unicef.org,Female
Danella Roocroft,droocroft7c@arizona.edu,Non-binary
Maura Hartfleet,mhartfleet7d@examiner.com,Female
Boot Mutlow,bmutlow7e@washingtonpost.com,Male
Abbie Flahy,aflahy7f@berkeley.edu,Female
Aaron Hargey,ahargey7g@scientificamerican.com,Male
Gwyn Kleinbaum,gkleinbaum7h@sfgate.com,Genderqueer
Worthy Karczinski,wkarczinski7i@chronoengine.com,Male
Tadeo Posselt,tposselt7j@qq.com,Non-binary
Waiter Kornalik,wkornalik7k@nytimes.com,Male
Mildrid Dumingo,mdumingo7l@sohu.com,Female
Spike Darrington,sdarrington7m@go.com,Male
Tremaine Pavel,tpavel7n@ehow.com,Male
Sasha Marney,smarney7o@freewebs.com,Female
Kattie Bushe,kbushe7p@spiegel.de,Female
Finn Trainer,ftrainer7q@discuz.net,Male
Brendis Robley,brobley7r@about.me,Male
Joeann Barbour,jbarbour7s@dot.gov,Female
Jobey Capponeer,jcapponeer7t@noaa.gov,Female
Patric Maffeo,pmaffeo7u@ycombinator.com,Male
Griselda Beden,gbeden7v@geocities.com,Female
Massimo Arons,marons7w@tamu.edu,Male
Benji Rosendahl,brosendahl7x@pen.io,Polygender
Michele McKinna,mmckinna7y@alibaba.com,Female
Skipp Champness,schampness7z@lulu.com,Male
Hillier Stinson,hstinson80@goodreads.com,Male
Jsandye Wooding,jwooding81@netscape.com,Female
Del Skein,dskein82@bloomberg.com,Male
Rodd Andreassen,randreassen83@reddit.com,Male
Bonni Hainge,bhainge84@amazon.co.uk,Female
Brunhilda Gallagher,bgallagher85@woothemes.com,Female
Lenore Clemenceau,lclemenceau86@youtu.be,Female
Joane Chimenti,jchimenti87@prnewswire.com,Female
Fredrick Ziehms,fziehms88@parallels.com,Male
Umberto Ladewig,uladewig89@lulu.com,Male
Blair Itzcovichch,bitzcovichch8a@java.com,Male
Harlen Gready,hgready8b@google.ca,Male
Ephrayim Simononsky,esimononsky8c@spiegel.de,Male
Coral Symonds,csymonds8d@apple.com,Bigender
Chevalier Adamovich,cadamovich8e@zdnet.com,Male
Padraig Garmanson,pgarmanson8f@ft.com,Male
Fanya Gudgeon,fgudgeon8g@dedecms.com,Female
Luigi Vousden,lvousden8h@nih.gov,Male
Isa Bridge,ibridge8i@unesco.org,Male
Candra Ilyinski,cilyinski8j@tmall.com,Female
Lara Slate,lslate8k@linkedin.com,Female
Wat Jessett,wjessett8l@ask.com,Male
Aubrey Atwill,aatwill8m@guardian.co.uk,Female
Caroljean Whitebrook,cwhitebrook8n@sina.com.cn,Female
Catlee Wilkie,cwilkie8o@dell.com,Female
Herbert Brezlaw,hbrezlaw8p@reverbnation.com,Male
Diann Graeber,dgraeber8q@csmonitor.com,Female
Bondy Scorton,bscorton8r@wisc.edu,Male
Adela Serle,aserle8s@pbs.org,Female
Franny Wallen,fwallen8t@flickr.com,Male
Anabal Sneller,asneller8u@netscape.com,Female
Nappie Wellbeloved,nwellbeloved8v@jiathis.com,Male
Beulah Le Sieur,ble8w@tripadvisor.com,Female
Sigmund Cockayme,scockayme8x@jugem.jp,Male
Marris Garlette,mgarlette8y@go.com,Bigender
Minni Dowsing,mdowsing8z@pen.io,Female
Stephine Le Grand,sle90@bbc.co.uk,Female
Fabe Lesek,flesek91@ovh.net,Agender
Jarib Siman,jsiman92@wix.com,Male
Lemuel Spatarul,lspatarul93@unesco.org,Male
Shea Gorse,sgorse94@reverbnation.com,Male
Leanora MacEveley,lmaceveley95@wired.com,Female
Bren Dunphy,bdunphy96@example.com,Female
Padraig Angrick,pangrick97@webmd.com,Male
Gnni Staterfield,gstaterfield98@auda.org.au,Female
Sharleen Hancock,shancock99@springer.com,Female
Rick Daveran,rdaveran9a@cbsnews.com,Male
Jana Norcutt,jnorcutt9b@over-blog.com,Female
Stanwood Scrace,sscrace9c@jugem.jp,Male
Marya Giacobbo,mgiacobbo9d@mediafire.com,Female
Riley Raspison,rraspison9e@people.com.cn,Male
Lynnea Spickett,lspickett9f@craigslist.org,Female
Marcos Lambourne,mlambourne9g@qq.com,Male
Thayne Coch,tcoch9h@ebay.co.uk,Agender
Berna Powderham,bpowderham9i@merriam-webster.com,Female
Leonore Whittuck,lwhittuck9j@flickr.com,Female
Janna Banford,jbanford9k@cocolog-nifty.com,Female
Selia Sive,ssive9l@ehow.com,Female
Dorian Grellis,dgrellis9m@google.it,Male
Claude Vockins,cvockins9n@chronoengine.com,Female
Marisa Calbreath,mcalbreath9o@admin.ch,Female
Gerri Klimuk,gklimuk9p@blogger.com,Female
Sheree Witham,switham9q@bbb.org,Agender
Annalee Whiteman,awhiteman9r@java.com,Female
Helsa Wohler,hwohler9s@live.com,Female
Luke Shinner,lshinner9t@feedburner.com,Male
Yancey Bridgwood,ybridgwood9u@boston.com,Male
Maryjane Clohessy,mclohessy9v@prnewswire.com,Female
Elihu Parkyns,eparkyns9w@miibeian.gov.cn,Male
Prentice Monks,pmonks9x@ox.ac.uk,Male
Johnathan Chislett,jchislett9y@canalblog.com,Male
Artemus Willoughley,awilloughley9z@canalblog.com,Male
Sabra Eames,seamesa0@odnoklassniki.ru,Female
Kelsey Eckery,keckerya1@princeton.edu,Male
Collen Halms,chalmsa2@samsung.com,Female
Flossy Jellard,fjellarda3@accuweather.com,Female
Collie Stode,cstodea4@jugem.jp,Female
Ellerey Maylott,emaylotta5@slate.com,Male
Darby Mulder,dmuldera6@usa.gov,Female
Kalli Chasier,kchasiera7@foxnews.com,Female
Park Strutton,pstruttona8@nifty.com,Genderqueer
Zolly Culpin,zculpina9@tinyurl.com,Male
Brodie Sundin,bsundinaa@hubpages.com,Male
Olag Henkens,ohenkensab@booking.com,Male
Shamus Niess,sniessac@shareasale.com,Male
Anton Scholard,ascholardad@shinystat.com,Male
Lissie Daniell,ldaniellae@census.gov,Female
Ferrel Saxby,fsaxbyaf@intel.com,Male
Oliviero Golborn,ogolbornag@vistaprint.com,Male
Tana Burrows,tburrowsah@reference.com,Female
Hayward Jankiewicz,hjankiewiczai@phoca.cz,Male
Virgilio Crosetto,vcrosettoaj@facebook.com,Male
Ave Olive,aoliveak@samsung.com,Male
Lilah Lenard,llenardal@webmd.com,Female
Andras Jakubowicz,ajakubowiczam@europa.eu,Polygender
Ad Luby,alubyan@usatoday.com,Male
Carney Tebboth,ctebbothao@people.com.cn,Male
Jeremiah Ferries,jferriesap@storify.com,Male
Antonin Plows,aplowsaq@aol.com,Male
Steffane Prickett,sprickettar@ebay.co.uk,Female
Hildegarde Satchell,hsatchellas@oakley.com,Female
Happy Trood,htroodat@omniture.com,Female
Dolley Cottisford,dcottisfordau@webeden.co.uk,Female
Teddie Vondrak,tvondrakav@upenn.edu,Male
Diego Gounot,dgounotaw@adobe.com,Male
Rosette Talbot,rtalbotax@whitehouse.gov,Female
Gunar Doubrava,gdoubravaay@usda.gov,Male
Rebbecca Philipeau,rphilipeauaz@usatoday.com,Female
Amitie Pavlovic,apavlovicb0@howstuffworks.com,Female
Briano Mishaw,bmishawb1@merriam-webster.com,Male
Analiese Grishaev,agrishaevb2@apache.org,Female
Clarita Carnew,ccarnewb3@aol.com,Female
Percival Kebell,pkebellb4@spiegel.de,Male
Ignazio Leechman,ileechmanb5@elegantthemes.com,Male
Amble Quesne,aquesneb6@smugmug.com,Male
Zita Slowey,zsloweyb7@scribd.com,Female
Christen Pettifer,cpettiferb8@technorati.com,Female
Carney Moulson,cmoulsonb9@nationalgeographic.com,Agender
Ashleigh Choat,achoatba@t-online.de,Female
Damien Hitschke,dhitschkebb@engadget.com,Genderfluid
Lauri Toffaloni,ltoffalonibc@yahoo.co.jp,Female
Mariya Hammon,mhammonbd@tamu.edu,Female
Eugenius Mimmack,emimmackbe@jalbum.net,Male
Alexei Normington,anormingtonbf@dmoz.org,Male
Zaneta Cable,zcablebg@simplemachines.org,Female
Merry Krebs,mkrebsbh@ebay.co.uk,Male
Irina Redbourn,iredbournbi@amazon.co.uk,Female
Marcelo Estabrook,mestabrookbj@wsj.com,Male
Angele Blowing,ablowingbk@zimbio.com,Female
Vito Denial,vdenialbl@sciencedirect.com,Male
Meade Warwick,mwarwickbm@independent.co.uk,Male
Saree Mountjoy,smountjoybn@home.pl,Female
Lucio Baugham,lbaughambo@creativecommons.org,Male
Veda Skeldinge,vskeldingebp@mozilla.com,Female
Romy Georgievski,rgeorgievskibq@amazon.com,Female
Belle Carbine,bcarbinebr@newyorker.com,Female
Zebulen Choppin,zchoppinbs@prlog.org,Male
Bobbie Chomiszewski,bchomiszewskibt@edublogs.org,Male
Howey Zannolli,hzannollibu@go.com,Male
Maiga Sumpter,msumpterbv@infoseek.co.jp,Female
Mikel Christoffe,mchristoffebw@homestead.com,Male
Birk Hillaby,bhillabybx@thetimes.co.uk,Male
Rodolphe Apfelmann,rapfelmannby@mysql.com,Male
Gus Jackalin,gjackalinbz@jalbum.net,Male
Magdaia Coomer,mcoomerc0@elpais.com,Female
Glendon Renowden,grenowdenc1@twitpic.com,Male
Lishe McDonell,lmcdonellc2@gizmodo.com,Female
Kain Pantin,kpantinc3@zimbio.com,Genderqueer
Irving Glasgow,iglasgowc4@baidu.com,Male
Dido Dudgeon,ddudgeonc5@umn.edu,Female
Noach Rushford,nrushfordc6@cargocollective.com,Male
Fonzie Ends,fendsc7@telegraph.co.uk,Male
Mala Rosiello,mrosielloc8@nydailynews.com,Female
Vidovic Govan,vgovanc9@imdb.com,Male
Alejandro Alenov,aalenovca@latimes.com,Genderqueer
Pernell Shilleto,pshilletocb@bravesites.com,Genderqueer
Christabella Tumpane,ctumpanecc@xrea.com,Female
Tadeas Garr,tgarrcd@ucla.edu,Male
Bendite Starton,bstartonce@shop-pro.jp,Female
Willetta Jerratsch,wjerratschcf@un.org,Female
Bevan Skally,bskallycg@ca.gov,Male
Michell Chene,mchenech@biglobe.ne.jp,Female
Juanita Hember,jhemberci@addthis.com,Bigender
Neille Barden,nbardencj@topsy.com,Agender
Yoko Stuttman,ystuttmanck@dagondesign.com,Female
Danya Paraman,dparamancl@stanford.edu,Female
Margret Ondra,mondracm@bbc.co.uk,Female
Fay Brekonridge,fbrekonridgecn@people.com.cn,Female
Etienne Fairlie,efairlieco@exblog.jp,Male
Kacie Dudek,kdudekcp@a8.net,Female
Enrichetta Hebbron,ehebbroncq@slashdot.org,Female
Klemens Rolland,krollandcr@yellowbook.com,Male
Morton Savidge,msavidgecs@reverbnation.com,Male
Zedekiah Gerg,zgergct@dagondesign.com,Male
Virgie Cocks,vcockscu@ning.com,Male
Aviva Slaughter,aslaughtercv@cloudflare.com,Female
Celka Clowton,cclowtoncw@si.edu,Female
Arnoldo Oxbie,aoxbiecx@tinyurl.com,Male
Annalise Tourmell,atourmellcy@typepad.com,Female
Gabie Smeeton,gsmeetoncz@xinhuanet.com,Bigender
Cory Bumfrey,cbumfreyd0@stumbleupon.com,Female
Durant Laudham,dlaudhamd1@alibaba.com,Male
Dasie Caldeyroux,dcaldeyrouxd2@washingtonpost.com,Female
Alica Bremner,abremnerd3@cmu.edu,Female
Sascha Elce,selced4@ca.gov,Male
Loni Legan,llegand5@google.it,Female
Sylvester Nutbeem,snutbeemd6@ox.ac.uk,Male
Chilton Haw,chawd7@sciencedaily.com,Male
Phillipp Calley,pcalleyd8@squidoo.com,Male
Carol Pirdue,cpirdued9@wordpress.com,Female
Sandra Onge,songeda@arizona.edu,Female
Kenneth Mc-Kerley,kmckerleydb@miibeian.gov.cn,Male
Carita Tristram,ctristramdc@icio.us,Female
Rheta Erbain,rerbaindd@livejournal.com,Female
Sheba Kondratenko,skondratenkode@g.co,Female
Munmro Thys,mthysdf@istockphoto.com,Male
Steffane Orum,sorumdg@nymag.com,Female
Merissa Anthonies,manthoniesdh@opensource.org,Female
Berna McKirton,bmckirtondi@e-recht24.de,Polygender
Barri McConnulty,bmcconnultydj@diigo.com,Male
Carlie Peres,cperesdk@mail.ru,Male
Sterne Gosney,sgosneydl@altervista.org,Male
Alyosha Kindall,akindalldm@fda.gov,Male
Dell Stennet,dstennetdn@amazon.co.uk,Male
Molli Pothecary,mpothecarydo@friendfeed.com,Female
Mei Woodstock,mwoodstockdp@sfgate.com,Female
Terence Castagneto,tcastagnetodq@scientificamerican.com,Male
Leia Kildale,lkildaledr@amazon.co.uk,Female
Garrik Camamill,gcamamillds@google.com.hk,Male
Elvis Mannakee,emannakeedt@sitemeter.com,Male
Dylan Pigny,dpignydu@epa.gov,Male
Bear Cratchley,bcratchleydv@ca.gov,Male
Perceval Avery,paverydw@apache.org,Male
Brynna Newlove,bnewlovedx@istockphoto.com,Female
Lonee Rodders,lroddersdy@ed.gov,Female
Floyd Antyshev,fantyshevdz@themeforest.net,Male
Caty Paulucci,cpauluccie0@bluehost.com,Female
Brendan Tanswell,btanswelle1@rambler.ru,Male
Joachim Eason,jeasone2@behance.net,Male
Germain Summerlie,gsummerliee3@ezinearticles.com,Male
Aloysius Baldung,abaldunge4@nasa.gov,Male
Tudor Kellet,tkellete5@weather.com,Male
Keelby Annies,kanniese6@issuu.com,Agender
Devora Folke,dfolkee7@networksolutions.com,Bigender
Urson Waller,uwallere8@apache.org,Male
Stanfield Gilardengo,sgilardengoe9@elpais.com,Male
Garvin Blackhurst,gblackhurstea@rakuten.co.jp,Male
Evelin Dysert,edyserteb@t.co,Male
Tarrah Kinsett,tkinsettec@bing.com,Female
Monty Treagust,mtreagusted@ted.com,Male
Roby Jenny,rjennyee@feedburner.com,Female
Darius Spreag,dspreagef@arizona.edu,Male
Rudiger Eicheler,reichelereg@trellian.com,Genderfluid
Gene Larratt,glarratteh@constantcontact.com,Genderqueer
Jamil Piris,jpirisei@webnode.com,Male
Blane Getcliffe,bgetcliffeej@cocolog-nifty.com,Male
Dani Sly,dslyek@rediff.com,Male
Calypso Etock,cetockel@ustream.tv,Female
Eveline Burman,eburmanem@etsy.com,Female
Martainn Nolleau,mnolleauen@soundcloud.com,Male
Elana Crosskell,ecrosskelleo@cbsnews.com,Female
Roseline Amberger,rambergerep@omniture.com,Female
Rutledge Gallear,rgalleareq@scientificamerican.com,Male
Goober Ickovic,gickovicer@opensource.org,Male
Davy Burwin,dburwines@squidoo.com,Male
Eugine Roston,erostonet@macromedia.com,Female
Dyane Jenk,djenkeu@mysql.com,Female
Selie Nice,sniceev@google.it,Female
Elise Kunz,ekunzew@livejournal.com,Female
Rickie Heinrich,rheinrichex@dyndns.org,Female
Camille Bernth,cbernthey@ed.gov,Female
Briano Cockshott,bcockshottez@cloudflare.com,Male
Rennie Franc,rfrancf0@clickbank.net,Genderfluid
Manolo Clohissy,mclohissyf1@cnet.com,Male
Jaymie Rossander,jrossanderf2@mtv.com,Male
Hollyanne Wilbraham,hwilbrahamf3@dagondesign.com,Female
Moss MacFaul,mmacfaulf4@noaa.gov,Male
Franzen Stanyard,fstanyardf5@youtube.com,Male
Karen Discombe,kdiscombef6@toplist.cz,Female
Betty Bartalin,bbartalinf7@unicef.org,Female
Vinni Nottle,vnottlef8@wired.com,Female
Mischa Southerill,msoutherillf9@vinaora.com,Male
Tabbie Veracruysse,tveracruyssefa@nytimes.com,Male
Barnie Scrivin,bscrivinfb@hugedomains.com,Male
Wileen Elcombe,welcombefc@nymag.com,Female
Lara Lithcow,llithcowfd@hc360.com,Female
Herman Smitherman,hsmithermanfe@google.pl,Male
Neil Pledge,npledgeff@virginia.edu,Male
Zedekiah Churchin,zchurchinfg@gizmodo.com,Male
Rhetta Amorine,ramorinefh@deviantart.com,Polygender
Gabi Hendrichs,ghendrichsfi@youtube.com,Female
Lela D'Onise,ldonisefj@domainmarket.com,Female
Georgena Fontelles,gfontellesfk@google.cn,Female
Catlin Crook,ccrookfl@walmart.com,Female
Worth Pietzke,wpietzkefm@myspace.com,Male
Blithe Fudge,bfudgefn@arstechnica.com,Agender
Christye Bambury,cbamburyfo@oaic.gov.au,Female
Uriah Pash,upashfp@bandcamp.com,Male
Connie Pendry,cpendryfq@ftc.gov,Male
Sharia Bough,sboughfr@icq.com,Female
Ricca MacMurray,rmacmurrayfs@businessinsider.com,Female
Rafe Barrim,rbarrimft@slate.com,Male
Brianne Bench,bbenchfu@msu.edu,Female
Kiah Syalvester,ksyalvesterfv@forbes.com,Female
Herschel Hixley,hhixleyfw@vkontakte.ru,Male
Abigale Lanchester,alanchesterfx@pbs.org,Female
Brena Oluwatoyin,boluwatoyinfy@addthis.com,Female
Kristy Lemanu,klemanufz@usda.gov,Female
Jeff Headland,jheadlandg0@latimes.com,Male
Hamil Whitear,hwhitearg1@sphinn.com,Male
Margy Vanacci,mvanaccig2@xing.com,Genderfluid
Ceciley Brogan,cbrogang3@walmart.com,Female
Elliot Pickard,epickardg4@privacy.gov.au,Male
Buckie Saby,bsabyg5@tuttocitta.it,Male
Mallissa Boolsen,mboolseng6@hc360.com,Female
Lorilee Haye,lhayeg7@techcrunch.com,Female
Rene Theis,rtheisg8@apple.com,Female
Waylin McColm,wmccolmg9@ehow.com,Genderqueer
Tabina Porker,tporkerga@mozilla.org,Female
Tandie O'Cannavan,tocannavangb@walmart.com,Female
Barrie Brannan,bbrannangc@sakura.ne.jp,Agender
Forest Bowra,fbowragd@auda.org.au,Polygender
Lorenzo Milbourn,lmilbournge@salon.com,Genderqueer
Bourke Aymer,baymergf@sina.com.cn,Genderfluid
Jarrad Fellnee,jfellneegg@usnews.com,Male
Michelina Jordanson,mjordansongh@who.int,Female
Robena Guerrazzi,rguerrazzigi@woothemes.com,Female
Karisa Buckbee,kbuckbeegj@apple.com,Genderfluid
Donalt Matthessen,dmatthessengk@umn.edu,Male
Chip Easterling,ceasterlinggl@i2i.jp,Male
Karia Malpass,kmalpassgm@columbia.edu,Female
Shauna Bruck,sbruckgn@google.de,Female
Hermy Yeardsley,hyeardsleygo@ebay.co.uk,Male
Elaina Ricco,ericcogp@prnewswire.com,Female
Martyn Coye,mcoyegq@homestead.com,Male
Granville Trevain,gtrevaingr@wp.com,Male
Alvie Bastick,abastickgs@imdb.com,Male
Sarina Ellery,sellerygt@google.com.br,Female
Lynette Ledekker,lledekkergu@ovh.net,Female
Terrye Kelling,tkellinggv@trellian.com,Female
Berti Durbann,bdurbanngw@discovery.com,Male
West Sloane,wsloanegx@state.tx.us,Male
Nari Fullerd,nfullerdgy@guardian.co.uk,Polygender
Biddie Le Barr,blegz@bizjournals.com,Female
Robert Exer,rexerh0@intel.com,Male
Baillie Rodenburgh,brodenburghh1@engadget.com,Male
Lillis Philson,lphilsonh2@eventbrite.com,Female
Modesty Janusik,mjanusikh3@a8.net,Female
Ozzie Bosenworth,obosenworthh4@4shared.com,Male
Krystal Luckman,kluckmanh5@ebay.com,Female
Chrisse Doerr,cdoerrh6@chronoengine.com,Male
Kariotta Kubicka,kkubickah7@paypal.com,Female
Fidel Dockree,fdockreeh8@mediafire.com,Male
Desiree Tomankiewicz,dtomankiewiczh9@bloomberg.com,Female
Elmore Warrener,ewarrenerha@ehow.com,Male
Harriett Aldersea,halderseahb@java.com,Female
Matti Winspare,mwinsparehc@purevolume.com,Female
Dionisio Byford,dbyfordhd@google.cn,Male
Phaidra Flode,pflodehe@whitehouse.gov,Female
Tomi Pocknoll,tpocknollhf@admin.ch,Female
Gideon Raine,grainehg@plala.or.jp,Male
Dale Van der Spohr,dvanhh@accuweather.com,Female
Lyn Huxton,lhuxtonhi@census.gov,Male
Iver Ruffli,irufflihj@edublogs.org,Male
Gaby Canavan,gcanavanhk@bigcartel.com,Female
Marilyn Mullen,mmullenhl@joomla.org,Genderqueer
Dorry Dubois,dduboishm@mapy.cz,Agender
Hesther Domenicone,hdomeniconehn@dailymotion.com,Female
Crystie Clemits,cclemitsho@wisc.edu,Polygender
Batholomew Gillingwater,bgillingwaterhp@ycombinator.com,Male
Connor Roistone,croistonehq@wikia.com,Male
Ransell Bamling,rbamlinghr@symantec.com,Male
Aleksandr Mountfort,amountforths@cafepress.com,Male
Rabbi Millbank,rmillbankht@bloomberg.com,Male
Marlon Bossingham,mbossinghamhu@wikia.com,Male
Obadias McTague,omctaguehv@ifeng.com,Male
Salem Belamy,sbelamyhw@histats.com,Male
Isaiah Dearnley,idearnleyhx@yahoo.co.jp,Male
Goddard Maystone,gmaystonehy@ehow.com,Non-binary
Stoddard O'Neal,sonealhz@ocn.ne.jp,Female
Shanan Backshell,sbackshelli0@mayoclinic.com,Male
Hastings Beglin,hbeglini1@msn.com,Male
Robby True,rtruei2@sciencedirect.com,Female
Grove Skamal,gskamali3@hud.gov,Male
Vicki Moylane,vmoylanei4@ibm.com,Female
Lilyan Zannetti,lzannettii5@nydailynews.com,Female
Burg McGahy,bmcgahyi6@pcworld.com,Male
Noll Barsam,nbarsami7@cargocollective.com,Genderqueer
Frankie Bertouloume,fbertouloumei8@kickstarter.com,Male
Christophe Middlebrook,cmiddlebrooki9@china.com.cn,Male
Udell Sawer,usaweria@g.co,Male
Rea Bellefant,rbellefantib@sakura.ne.jp,Female
Lorin Clouter,lclouteric@jimdo.com,Male
Isador Hairsnape,ihairsnapeid@stumbleupon.com,Male
Elly Giraths,egirathsie@php.net,Female
Rich Januszewicz,rjanuszewiczif@scribd.com,Male
Anastasie Heckle,aheckleig@squidoo.com,Female
Hazel Grane,hgraneih@arstechnica.com,Male
Odey Menlove,omenloveii@nyu.edu,Male
Brandyn Ricart,bricartij@netlog.com,Male
Kaylil Tampen,ktampenik@livejournal.com,Female
Annelise Durtnall,adurtnallil@java.com,Female
Jada Guislin,jguislinim@time.com,Female
Gillie Deeming,gdeemingin@thetimes.co.uk,Female
Maye Bretelle,mbretelleio@soup.io,Female
Caren Gruby,cgrubyip@bloglovin.com,Female
Trent Falck,tfalckiq@reddit.com,Male
Ronda Bellon,rbellonir@abc.net.au,Female
Issiah Exton,iextonis@japanpost.jp,Male
Duffy Siddeley,dsiddeleyit@unblog.fr,Male
Ginger O'Scanlon,goscanloniu@infoseek.co.jp,Female
Langsdon Grooby,lgroobyiv@jimdo.com,Male
Aaron Toplin,atopliniw@example.com,Male
Imogen Hartus,ihartusix@businessinsider.com,Female
Karrah Simpkins,ksimpkinsiy@msu.edu,Polygender
Cherlyn Sager,csageriz@netlog.com,Female
Edsel Pimmocke,epimmockej0@flavors.me,Male
Alverta Deinhardt,adeinhardtj1@geocities.jp,Female
Tessy Fox,tfoxj2@howstuffworks.com,Female
Merrill Ganiclef,mganiclefj3@stumbleupon.com,Female
Doria Nowaczyk,dnowaczykj4@epa.gov,Female
Olympe Garford,ogarfordj5@latimes.com,Female
Rae Padillo,rpadilloj6@over-blog.com,Female
Arnuad Roderighi,aroderighij7@mapy.cz,Male
Merell Tyers,mtyersj8@dion.ne.jp,Male
Dena Conti,dcontij9@diigo.com,Polygender
Curt Pullen,cpullenja@dailymail.co.uk,Polygender
Daisie Reason,dreasonjb@qq.com,Female
Talbert Clemente,tclementejc@shutterfly.com,Male
Arnie Debling,adeblingjd@comsenz.com,Genderqueer
Daron Tabour,dtabourje@princeton.edu,Female
Stavros Febre,sfebrejf@theguardian.com,Male
Jens Simonsson,jsimonssonjg@amazon.co.uk,Male
Irv Redit,ireditjh@thetimes.co.uk,Male
Bing Isacke,bisackeji@miibeian.gov.cn,Male
Harlin Matuszewski,hmatuszewskijj@wsj.com,Male
My Catherall,mcatheralljk@wikia.com,Male
Clarey Kinastan,ckinastanjl@toplist.cz,Female
Edna Benediktovich,ebenediktovichjm@cpanel.net,Female
Francklin Nerger,fnergerjn@nifty.com,Male
Jonie Eady,jeadyjo@ucsd.edu,Female
Pieter Abbison,pabbisonjp@cyberchimps.com,Male
Victoria Scane,vscanejq@booking.com,Female
Jacenta Gilphillan,jgilphillanjr@rambler.ru,Female
Jessie Gibling,jgiblingjs@tripod.com,Female
Morey Seabrocke,mseabrockejt@naver.com,Male
Phyllida Klemt,pklemtju@biglobe.ne.jp,Female
Even Gallier,egallierjv@miibeian.gov.cn,Male
Ambrosius Garci,agarcijw@cmu.edu,Male
Kaspar Prantl,kprantljx@jiathis.com,Male
Jason Moden,jmodenjy@technorati.com,Male
Egan Rosenschein,erosenscheinjz@independent.co.uk,Male
Emlynn Bailiss,ebailissk0@hao123.com,Female
Kris Windus,kwindusk1@un.org,Male
Thaine Kneeland,tkneelandk2@mayoclinic.com,Male
Laurens Ondrak,londrakk3@usda.gov,Male
Danny Llewhellin,dllewhellink4@godaddy.com,Male
Ardelis Agutter,aagutterk5@etsy.com,Female
Marika Schroter,mschroterk6@apple.com,Female
Micky Tonnesen,mtonnesenk7@barnesandnoble.com,Female
Nial Llewelly,nllewellyk8@taobao.com,Non-binary
Dominic Van Der Vlies,dvank9@tamu.edu,Male
Lolita Nutkins,lnutkinska@geocities.jp,Female
Osbourne Brotherhead,obrotherheadkb@alibaba.com,Male
Beilul Bercher,bbercherkc@e-recht24.de,Female
Pippa Pollastrino,ppollastrinokd@123-reg.co.uk,Female
Chlo Westwater,cwestwaterke@independent.co.uk,Female
Ashely Firbanks,afirbankskf@123-reg.co.uk,Female
Marijn Ruhben,mruhbenkg@so-net.ne.jp,Polygender
Rik Newens,rnewenskh@printfriendly.com,Male
Angelique Burds,aburdski@redcross.org,Female
Mikkel Tottman,mtottmankj@yahoo.co.jp,Male
Kyle Filipychev,kfilipychevkk@psu.edu,Male
Gradeigh Bonnick,gbonnickkl@typepad.com,Male
Nichole Peppard,npeppardkm@csmonitor.com,Female
Vaclav Beevor,vbeevorkn@scribd.com,Male
Constanta Ingliby,cinglibyko@wiley.com,Female
Giuditta Wederell,gwederellkp@elegantthemes.com,Female
Jamil Manthroppe,jmanthroppekq@amazon.com,Male
Allistir Spat,aspatkr@wufoo.com,Male
Sonny Tremayne,stremayneks@tinyurl.com,Female
Viole Follin,vfollinkt@tripod.com,Female
Sophi Broomhall,sbroomhallku@businesswire.com,Female
Tamqrah Vautier,tvautierkv@un.org,Female
Chicky Tuminelli,ctuminellikw@wunderground.com,Female
Marice Halt,mhaltkx@cnn.com,Female
Mycah Rigby,mrigbyky@sourceforge.net,Male
Benn Brent,bbrentkz@weebly.com,Male
Woodman Jaukovic,wjaukovicl0@t.co,Agender
Tilly Biddell,tbiddelll1@1688.com,Female
Gabie Ellis,gellisl2@jimdo.com,Female
Boothe Limerick,blimerickl3@about.me,Male
Garvey Faire,gfairel4@jugem.jp,Male
Amabelle Baudy,abaudyl5@sciencedaily.com,Female
Alfie Syddall,asyddalll6@freewebs.com,Male
Marcus Terbruggen,mterbruggenl7@apache.org,Male
Faith Lafford,flaffordl8@go.com,Female
Addie Poleykett,apoleykettl9@ft.com,Male
Gae Abrahamson,gabrahamsonla@slashdot.org,Female
Wolfy Hedin,whedinlb@about.com,Male
Leopold Duffill,lduffilllc@studiopress.com,Male
Annabela Bompass,abompassld@europa.eu,Female
Alexi Perez,aperezle@tinypic.com,Female
Brandyn Filshin,bfilshinlf@apache.org,Male
Johnna Gasson,jgassonlg@pcworld.com,Female
Clemmie Ferns,cfernslh@japanpost.jp,Female
Candide Sambells,csambellsli@meetup.com,Female
Gaspar Rahlof,grahloflj@bigcartel.com,Male
Hayley Crews,hcrewslk@sourceforge.net,Female
Packston McDougle,pmcdouglell@wordpress.org,Male
Claretta Allebone,callebonelm@cpanel.net,Genderfluid
Idell Dunstan,idunstanln@bloglovin.com,Female
Ford Devanney,fdevanneylo@toplist.cz,Male
Flss Camacho,fcamacholp@dot.gov,Polygender
Tabb Aggis,taggislq@hostgator.com,Male
Jeana Redemile,jredemilelr@craigslist.org,Female
Rana Bennough,rbennoughls@blogger.com,Female
Ara Gostling,agostlinglt@devhub.com,Female
Paolo Trim,ptrimlu@cpanel.net,Male
Jessey Hise,jhiselv@blog.com,Male
Allis Fullbrook,afullbrooklw@dmoz.org,Genderfluid
Hilliard Climar,hclimarlx@t-online.de,Male
Dolf Ochiltree,dochiltreely@cafepress.com,Male
Doti Phelan,dphelanlz@comsenz.com,Female
Davin Neilus,dneilusm0@wired.com,Male
Barris Kegley,bkegleym1@omniture.com,Male
Gerick Sieghard,gsieghardm2@spotify.com,Male
Averell Simonetti,asimonettim3@ask.com,Male
Issiah Willock,iwillockm4@istockphoto.com,Male
Debby Bernardoux,dbernardouxm5@fda.gov,Polygender
Kristin Leadston,kleadstonm6@umn.edu,Female
Ryon Munby,rmunbym7@hud.gov,Male
Ame De'Ath,adeathm8@bizjournals.com,Female
Jan Bousler,jbouslerm9@blinklist.com,Female
Bary Hindes,bhindesma@businessweek.com,Male
Thom Flux,tfluxmb@feedburner.com,Male
Carlee Everex,ceverexmc@va.gov,Bigender
Shell Beau,sbeaumd@wikipedia.org,Male
Lindsay Fane,lfaneme@bluehost.com,Female
Orelia Hatfull,ohatfullmf@fema.gov,Female
Vonni Davydychev,vdavydychevmg@umich.edu,Female
Ninon Anglish,nanglishmh@archive.org,Female
Laurent Alchin,lalchinmi@fc2.com,Male
Sauncho Oakeshott,soakeshottmj@newsvine.com,Polygender
Matti Blastock,mblastockmk@51.la,Female
Casie Sutch,csutchml@reuters.com,Female
Abie Faulkener,afaulkenermm@posterous.com,Male
Lorita Gordon-Giles,lgordongilesmn@examiner.com,Polygender
Garwin Ripon,griponmo@unblog.fr,Male
Kordula Sadd,ksaddmp@vk.com,Female
Meriel Thickins,mthickinsmq@unblog.fr,Female
Eileen Kinnie,ekinniemr@hud.gov,Female
Dixie Coole,dcoolems@nature.com,Female
Farlie Motton,fmottonmt@elpais.com,Non-binary
Leonelle Barthorpe,lbarthorpemu@va.gov,Female
Luelle Spellacy,lspellacymv@howstuffworks.com,Female
Arvy Tett,atettmw@wikispaces.com,Male
Myrlene Wardle,mwardlemx@squidoo.com,Female
Debby Toghill,dtoghillmy@independent.co.uk,Female
Cedric Berrecloth,cberreclothmz@google.ru,Male
Haven Shovell,hshovelln0@wiley.com,Male
Constantine Leinweber,cleinwebern1@ed.gov,Male
Cristina Sorrel,csorreln2@xinhuanet.com,Female
Lazarus Kiddey,lkiddeyn3@t-online.de,Male
Tove Talboy,ttalboyn4@marriott.com,Genderqueer
Neala Fredson,nfredsonn5@simplemachines.org,Female
Natalie Naismith,nnaismithn6@bloomberg.com,Female
Elaine Detoc,edetocn7@yellowbook.com,Female
Doro Kimmitt,dkimmittn8@independent.co.uk,Female
Veradis Scorrer,vscorrern9@instagram.com,Female
Karney Niccolls,kniccollsna@xinhuanet.com,Male
Randee Bowcher,rbowchernb@abc.net.au,Female
Kenny Wevell,kwevellnc@berkeley.edu,Male
Jillie Aime,jaimend@wix.com,Female
Nonnah Trappe,ntrappene@fc2.com,Female
Gorden Hawker,ghawkernf@webmd.com,Male
Perice Fromant,pfromantng@ezinearticles.com,Male
Truda Paulsson,tpaulssonnh@comsenz.com,Female
Berkley Noller,bnollerni@time.com,Male
Berkly Filchagin,bfilchaginnj@eepurl.com,Male
Derron Pentelo,dpentelonk@deliciousdays.com,Male
Madalyn Childers,mchildersnl@tinyurl.com,Female
Kiri Ritzman,kritzmannm@icq.com,Female
Daren Eager,deagernn@narod.ru,Male
Marna Arran,marranno@github.io,Female
Felix Bartlosz,fbartlosznp@ft.com,Male
Dora Davidsson,ddavidssonnq@ox.ac.uk,Female
Domingo Barclay,dbarclaynr@epa.gov,Male
Nanine Lardge,nlardgens@google.co.jp,Female
Madelyn Minear,mminearnt@google.pl,Female
Ilysa Pasby,ipasbynu@delicious.com,Female
Mikael Bamsey,mbamseynv@zdnet.com,Male
Cornelle Godard,cgodardnw@mit.edu,Female
Vidovik Masters,vmastersnx@sourceforge.net,Genderqueer
Carline Copcote,ccopcoteny@theatlantic.com,Female
Anallise Mityashin,amityashinnz@spiegel.de,Female
Mathe Storcke,mstorckeo0@posterous.com,Male
Ethelyn Kubas,ekubaso1@blog.com,Female
Ingmar Elderkin,ielderkino2@archive.org,Male
Hewett Pasley,hpasleyo3@nyu.edu,Male
Melina McMearty,mmcmeartyo4@ox.ac.uk,Non-binary
Phedra Elletson,pelletsono5@cmu.edu,Female
Kenn Patel,kpatelo6@jigsy.com,Male
Laura Bulman,lbulmano7@mediafire.com,Female
Rosalinde Skim,rskimo8@jiathis.com,Female
Abram Duester,aduestero9@blogs.com,Male
Casandra Boylin,cboylinoa@google.pl,Female
Ash Sacchetti,asacchettiob@aboutads.info,Male
Carolee Tern,cternoc@jalbum.net,Female
Brenden Spadelli,bspadelliod@smugmug.com,Male
Grissel Oxley,goxleyoe@intel.com,Female
Abel Becom,abecomof@miibeian.gov.cn,Male
Daffie Flinn,dflinnog@nymag.com,Female
Annalee Ricco,ariccooh@sun.com,Female
Dniren Tansey,dtanseyoi@newyorker.com,Female
Ivan Walles,iwallesoj@discovery.com,Male
Auroora Prew,aprewok@rakuten.co.jp,Non-binary
Ingrim Monshall,imonshallol@tiny.cc,Male
Corabel Jordan,cjordanom@apache.org,Genderqueer
Tirrell Robun,trobunon@mapquest.com,Male
Drusi Itzcovichch,ditzcovichchoo@flickr.com,Female
Hayward Nettle,hnettleop@apple.com,Male
Godard Goldman,ggoldmanoq@netlog.com,Male
Linus Roseveare,lroseveareor@nasa.gov,Agender
Syd Vakhrushev,svakhrushevos@hostgator.com,Male
Kinsley Ferneyhough,kferneyhoughot@fastcompany.com,Male
Julita Barzen,jbarzenou@icq.com,Agender
Carlye Tuftin,ctuftinov@tmall.com,Female
Flss Prahl,fprahlow@bandcamp.com,Female
Barth Colleer,bcolleerox@dell.com,Male
Glenda Halm,ghalmoy@nhs.uk,Female
Marshal Forrestor,mforrestoroz@furl.net,Male
Godfree Killiam,gkilliamp0@bing.com,Male
Gusti Clarage,gclaragep1@thetimes.co.uk,Female
Hendrik Brackley,hbrackleyp2@lycos.com,Male
Roxine McCorkindale,rmccorkindalep3@reuters.com,Female
Dolph Gaisford,dgaisfordp4@huffingtonpost.com,Male
Prescott Ianinotti,pianinottip5@google.nl,Polygender
Gino McKnish,gmcknishp6@joomla.org,Male
Melvyn Reed,mreedp7@arizona.edu,Male
Emmy O'Corren,eocorrenp8@uiuc.edu,Genderfluid
Shaylyn Curwen,scurwenp9@imgur.com,Female
Zitella Miguel,zmiguelpa@discovery.com,Female
Brenna Szimon,bszimonpb@paginegialle.it,Female
Yule Hymans,yhymanspc@state.tx.us,Male
Carrissa Jost,cjostpd@tinypic.com,Female
Early Salsbury,esalsburype@nsw.gov.au,Male
Chrysa Timmis,ctimmispf@1und1.de,Female
Bordie Wathell,bwathellpg@psu.edu,Male
L;urette Glandon,lglandonph@simplemachines.org,Female
Myrta Kikke,mkikkepi@livejournal.com,Genderqueer
Albina Maingot,amaingotpj@nsw.gov.au,Female
Archy Hendrichs,ahendrichspk@arstechnica.com,Male
Manny Surgey,msurgeypl@skype.com,Male
Ariela Gloster,aglosterpm@nydailynews.com,Female
Joete Matczak,jmatczakpn@themeforest.net,Female
Sheila Farloe,sfarloepo@cpanel.net,Female
Benjamin Jonin,bjoninpp@diigo.com,Male
Corabelle Paul,cpaulpq@cmu.edu,Female
Lari Greveson,lgrevesonpr@clickbank.net,Female
Jody Kendal,jkendalps@t-online.de,Male
Bel Doulden,bdouldenpt@google.nl,Female
Patrica Seeborne,pseebornepu@army.mil,Female
Adria Feldklein,afeldkleinpv@nifty.com,Female
Webb Steuhlmeyer,wsteuhlmeyerpw@prlog.org,Male
Arch Uccelli,auccellipx@google.it,Male
Annie Dolan,adolanpy@unc.edu,Female
Vincents Tanfield,vtanfieldpz@hibu.com,Male
Elsbeth McGaughay,emcgaughayq0@themeforest.net,Female
Thedrick Bierling,tbierlingq1@pagesperso-orange.fr,Male
Zachary Dangl,zdanglq2@spiegel.de,Male
Carlee Piccop,cpiccopq3@arstechnica.com,Female
Modestia Mitchiner,mmitchinerq4@ning.com,Female
Boonie Scholard,bscholardq5@phpbb.com,Male
Emelita Townsley,etownsleyq6@ucla.edu,Female
Si Revans,srevansq7@indiegogo.com,Male
Willow McIlwraith,wmcilwraithq8@auda.org.au,Female
Maddie Oakenfull,moakenfullq9@about.com,Female
Leroy Ruppert,lruppertqa@sphinn.com,Male
Felice O' Shea,foqb@pinterest.com,Male
Dame Mariel,dmarielqc@apache.org,Male
Corby Rozec,crozecqd@umn.edu,Male
Barry Adamsen,badamsenqe@irs.gov,Male
Orland Thorneywork,othorneyworkqf@tamu.edu,Male
Antony McGriele,amcgrieleqg@pen.io,Male
Idaline Pinchback,ipinchbackqh@a8.net,Female
Mendel Furnival,mfurnivalqi@walmart.com,Male
Gino Dimitriou,gdimitriouqj@google.fr,Bigender
Benjamen Geere,bgeereqk@xing.com,Male
Ax Dyble,adybleql@elpais.com,Male
Felipa Pitherick,fpitherickqm@pcworld.com,Female
Nita MacTrustie,nmactrustieqn@deliciousdays.com,Female
Aubry Doring,adoringqo@bing.com,Female
Lesly Kynan,lkynanqp@canalblog.com,Female
Mortimer Giamuzzo,mgiamuzzoqq@freewebs.com,Male
Dorolice Coite,dcoiteqr@yolasite.com,Female
Evangeline Alleway,eallewayqs@latimes.com,Female
Maryann Probbings,mprobbingsqt@senate.gov,Female
Obed Vearncombe,ovearncombequ@moonfruit.com,Non-binary
Beaufort Vials,bvialsqv@google.ca,Male
Berton Pipe,bpipeqw@altervista.org,Male
Monroe Masding,mmasdingqx@yandex.ru,Male
Fleur Aseef,faseefqy@sun.com,Female
Cecil Pietroni,cpietroniqz@github.io,Male
Haslett Kubasiewicz,hkubasiewiczr0@drupal.org,Male
Pren Antoniou,pantoniour1@tinyurl.com,Agender
Nels O'Calleran,nocalleranr2@mediafire.com,Male
Lynea Eger,legerr3@wikipedia.org,Female
Britte Brinsford,bbrinsfordr4@360.cn,Female
Marlon Pohl,mpohlr5@weather.com,Male
Jeane Bergeau,jbergeaur6@wiley.com,Female
Dudley Farfalameev,dfarfalameevr7@hugedomains.com,Genderfluid
Rosette Lowerson,rlowersonr8@delicious.com,Female
Ethan Cooke,ecooker9@usatoday.com,Male
Dunstan Padillo,dpadillora@apple.com,Male
Halie Kinsett,hkinsettrb@github.com,Female
Alasteir Brambill,abrambillrc@booking.com,Male
Raine Ramsden,rramsdenrd@omniture.com,Female
Jimmy Alldre,jalldrere@wikimedia.org,Male
Ber Rosengren,brosengrenrf@blogs.com,Genderqueer
Lukas Cowpe,lcowperg@addthis.com,Male
Benjamin Bascombe,bbascomberh@godaddy.com,Male
Marcus Rollins,mrollinsri@jimdo.com,Male
Alick Birkmyr,abirkmyrrj@gov.uk,Male
Tab Libri,tlibrirk@ftc.gov,Male
Ax Couchman,acouchmanrl@tinypic.com,Male
Tymothy Ringwood,tringwoodrm@usgs.gov,Male
Osmond Bullocke,obullockern@naver.com,Male
Pieter Annear,pannearro@w3.org,Male
Scotty Beard,sbeardrp@drupal.org,Male
Casar Brute,cbruterq@whitehouse.gov,Male
Christen Speight,cspeightrr@cisco.com,Genderfluid
